fold,arm,eval_set,candidate,reference_epochs,optimizer_steps,el_threshold,scope,n,sg_n,sg_acc,sg_top5,sys_n,sys_acc,lat_n,mae_a,mae_b,mae_c,mae_ang,mae_vol,mae_a_med,mape_a_med,mape_b_med,mape_c_med,mape_vol_med,el_n,el_f1_micro,el_exact
1,zero_shot,single_phase,pretrain,0,0,0.5,combined,482,209,0.27751196172248804,0.6220095693779905,475,0.3831578947368421,466,4.250027004726201,3.8578644872445826,4.3189547611465136,6.15121316991782,2659.217379655961,2.091319076814274,29.597224226648684,29.66107675673749,32.85746071849964,49.7916374206543,272,0.25471698113207547,0.0
1,zero_shot,single_phase,pretrain,0,0,0.5,rruff,272,209,0.27751196172248804,0.6220095693779905,265,0.4641509433962264,256,2.5315196401185376,2.906822033973864,3.5507636388937915,6.159221558718088,390.94684010744095,1.7703035511477316,24.395526681132843,25.054305269138137,36.52973635410924,38.978078842163086,272,0.25471698113207547,0.0
1,zero_shot,single_phase,pretrain,0,0,0.5,opxrd,210,0,,,210,0.28095238095238095,210,6.34496931586697,5.017230525517458,5.255416319702213,6.141450562618446,5424.347180248442,2.937703549381204,41.89008818853812,35.749332440932434,26.644774120511652,74.89071655273438,0,,
1,zero_shot,multiphase_diagnostic,pretrain,0,0,0.5,combined,214,146,0.0410958904109589,0.3013698630136986,53,0.2830188679245283,53,1.5505676253249074,2.20337506857951,2.5175651750697723,4.630507727112841,121.90938057089751,1.2750708754963176,35.5956261523047,46.363294487474555,59.016824736826884,162.22511291503906,175,0.0,0.0
1,zero_shot,multiphase_diagnostic,pretrain,0,0,0.5,rruff,0,0,,,0,,0,,,,,,,,,,,0,,
1,zero_shot,multiphase_diagnostic,pretrain,0,0,0.5,opxrd,214,146,0.0410958904109589,0.3013698630136986,53,0.2830188679245283,53,1.5505676253249074,2.20337506857951,2.5175651750697723,4.630507727112841,121.90938057089751,1.2750708754963176,35.5956261523047,46.363294487474555,59.016824736826884,162.22511291503906,175,0.0,0.0
1,all_real_control,single_phase,stronger,9,396,0.3,combined,482,209,0.44019138755980863,0.7177033492822966,475,0.5536842105263158,466,3.710049717482521,3.3361130924320452,3.9948818512097986,5.1583434273910775,2557.239661793852,1.8117509679289485,23.31660523284858,21.523073091175036,27.154343870255445,44.9759635925293,272,0.5278592375366569,0.007352941176470588
1,all_real_control,single_phase,stronger,9,396,0.3,rruff,272,209,0.44019138755980863,0.7177033492822966,265,0.5773584905660377,256,2.313774017987765,2.615980832642655,2.921128239465448,5.101758137583801,374.4744561910629,1.5826959485598833,19.29671384765608,19.851791290773726,24.74712457349049,39.49947166442871,272,0.5278592375366569,0.007352941176470588
1,all_real_control,single_phase,stronger,9,396,0.3,opxrd,210,0,,,210,0.5238095238095238,210,5.41217628448565,4.213988609127682,5.303838635050531,5.22732359020376,5218.134388623919,2.5233481594216673,32.85549077741995,26.68297387800986,30.077419389784286,56.44887351989746,0,,
1,all_real_control,multiphase_diagnostic,stronger,9,396,0.3,combined,214,146,0.3835616438356164,0.726027397260274,53,0.9811320754716981,53,0.0888595586461957,0.4015604305556043,0.18985426377007894,0.8337755085996985,15.667052286975789,0.06309482299878955,1.7617854388101422,3.405695298484529,3.3116939478589096,9.693278312683105,175,0.25914315569487983,0.2742857142857143
1,all_real_control,multiphase_diagnostic,stronger,9,396,0.3,rruff,0,0,,,0,,0,,,,,,,,,,,0,,
1,all_real_control,multiphase_diagnostic,stronger,9,396,0.3,opxrd,214,146,0.3835616438356164,0.726027397260274,53,0.9811320754716981,53,0.0888595586461957,0.4015604305556043,0.18985426377007894,0.8337755085996985,15.667052286975789,0.06309482299878955,1.7617854388101422,3.405695298484529,3.3116939478589096,9.693278312683105,175,0.25914315569487983,0.2742857142857143
1,single_phase_only,single_phase,stronger,10,440,0.3,combined,482,209,0.4354066985645933,0.7129186602870813,475,0.5305263157894737,466,3.6495969140129354,3.253918921882136,3.900504070612099,5.158870210220857,2538.7318250795292,1.84393344527675,24.303970428298445,21.44372117232393,26.145492298516096,42.59023475646973,272,0.5614457831325301,0.003676470588235294
1,single_phase_only,single_phase,stronger,10,440,0.3,rruff,272,209,0.4354066985645933,0.7129186602870813,265,0.5584905660377358,256,2.3105593275246434,2.5720991987686044,2.8930813348271154,5.122440519414008,360.748752117157,1.5858312761289288,21.030775422474782,18.69800598363639,24.58328599179142,36.64197540283203,272,0.5614457831325301,0.003676470588235294
1,single_phase_only,single_phase,stronger,10,440,0.3,opxrd,210,0,,,210,0.49523809523809526,210,5.281947495636758,4.085089631963393,5.128600358045222,5.2032797380615845,5193.796904500326,2.346699676489589,28.864350656858775,26.962116578767375,28.116433890792127,56.25531578063965,0,,
1,single_phase_only,multiphase_diagnostic,stronger,10,440,0.3,combined,214,146,0.2191780821917808,0.6027397260273972,53,0.9622641509433962,53,1.2063572752331082,1.949161273896181,2.8648809928010683,10.69356286852522,122.02811726983988,0.9708548200401701,27.136282997146985,39.9008661409036,67.80320772742972,151.2920379638672,175,0.0,0.0
1,single_phase_only,multiphase_diagnostic,stronger,10,440,0.3,rruff,0,0,,,0,,0,,,,,,,,,,,0,,
1,single_phase_only,multiphase_diagnostic,stronger,10,440,0.3,opxrd,214,146,0.2191780821917808,0.6027397260273972,53,0.9622641509433962,53,1.2063572752331082,1.949161273896181,2.8648809928010683,10.69356286852522,122.02811726983988,0.9708548200401701,27.136282997146985,39.9008661409036,67.80320772742972,151.2920379638672,175,0.0,0.0
2,zero_shot,single_phase,pretrain,0,0,0.5,combined,469,228,0.16666666666666666,0.4649122807017544,464,0.33405172413793105,456,3.6594896660728944,3.782312601618814,4.614921232308608,6.368192337613588,1854.0314709680122,2.3259040945198355,31.046103354080635,27.88753378095594,35.98990632845986,53.97370719909668,272,0.22433718558803536,0.003676470588235294
2,zero_shot,single_phase,pretrain,0,0,0.5,rruff,272,228,0.16666666666666666,0.4649122807017544,267,0.37453183520599254,259,2.9858832419728465,3.088032354227077,3.8693411021909614,6.683605981886935,503.5421853378473,1.9734842351551087,28.548558085030272,24.549467868084093,37.54481026494121,41.242156982421875,272,0.22433718558803536,0.003676470588235294
2,zero_shot,single_phase,pretrain,0,0,0.5,opxrd,197,0,,,197,0.27918781725888325,197,4.545094051057221,4.695097292352114,5.595150946524192,5.953511455041014,3629.5478414157924,2.7687188855393163,35.797730076583235,33.32457821481581,33.66538983739273,64.67684173583984,0,,
2,zero_shot,multiphase_diagnostic,pretrain,0,0,0.5,combined,226,75,0.0,0.013333333333333334,106,0.32075471698113206,106,1.4762841758793896,1.6057849394804624,1.983319342013307,7.070379800371386,73.82157548868432,1.4438512738959217,40.08471140805129,42.85138158604194,53.49961621681202,136.06578063964844,138,0.030360531309297913,0.0
2,zero_shot,multiphase_diagnostic,pretrain,0,0,0.5,rruff,0,0,,,0,,0,,,,,,,,,,,0,,
2,zero_shot,multiphase_diagnostic,pretrain,0,0,0.5,opxrd,226,75,0.0,0.013333333333333334,106,0.32075471698113206,106,1.4762841758793896,1.6057849394804624,1.983319342013307,7.070379800371386,73.82157548868432,1.4438512738959217,40.08471140805129,42.85138158604194,53.49961621681202,136.06578063964844,138,0.030360531309297913,0.0
2,all_real_control,single_phase,balanced,17,748,0.3,combined,469,228,0.37719298245614036,0.6622807017543859,464,0.5495689655172413,456,2.989097113914126,3.3045356509692176,4.338030132511551,5.5856133109905866,1694.8675307892915,2.0390032598600882,25.93867541815358,22.89588000338644,32.021763350312426,43.2992057800293,272,0.508273228680526,0.003676470588235294
2,all_real_control,single_phase,balanced,17,748,0.3,rruff,272,228,0.37719298245614036,0.6622807017543859,267,0.5543071161048689,259,2.6827049375543726,3.05869002751317,3.724539945336132,5.9143106359891044,497.25834750024507,1.9174273397689916,25.891844791423335,22.30484739903369,33.052618243624465,41.796321868896484,272,0.508273228680526,0.003676470588235294
2,all_real_control,single_phase,balanced,17,748,0.3,opxrd,197,0,,,197,0.5431472081218274,197,3.3919172848642583,3.627754008710926,5.1445984496609585,5.153468096906242,3269.3892489205764,2.2183000795945897,25.999578897147558,26.146706443618427,31.34263238362405,43.83945846557617,0,,
2,all_real_control,multiphase_diagnostic,balanced,17,748,0.3,combined,226,75,0.41333333333333333,0.7466666666666667,106,0.9811320754716981,106,0.13581580413294417,0.217743928471559,0.17175173651919423,1.1102469638135384,8.551610838692143,0.0700274004492798,1.9456966054131937,4.676845257656181,2.2282814675435483,8.07788610458374,138,0.6362416107382549,0.5362318840579711
2,all_real_control,multiphase_diagnostic,balanced,17,748,0.3,rruff,0,0,,,0,,0,,,,,,,,,,,0,,
2,all_real_control,multiphase_diagnostic,balanced,17,748,0.3,opxrd,226,75,0.41333333333333333,0.7466666666666667,106,0.9811320754716981,106,0.13581580413294417,0.217743928471559,0.17175173651919423,1.1102469638135384,8.551610838692143,0.0700274004492798,1.9456966054131937,4.676845257656181,2.2282814675435483,8.07788610458374,138,0.6362416107382549,0.5362318840579711
2,single_phase_only,single_phase,balanced,17,748,0.3,combined,469,228,0.37719298245614036,0.6491228070175439,464,0.5474137931034483,456,2.949014635579796,3.303114751006481,4.242615218013252,5.595192788788489,1691.2015845984743,1.9686005685724695,26.481095278598993,23.9533916448584,29.935802216693446,41.28573036193848,272,0.5262732417138237,0.003676470588235294
2,single_phase_only,single_phase,balanced,17,748,0.3,rruff,272,228,0.37719298245614036,0.6491228070175439,267,0.5692883895131086,259,2.6999804718355387,3.0827380399131212,3.6716995576534224,5.9464132037292305,503.43158409678335,1.8842563470639133,25.61810435513628,23.208170056464418,30.100367041229646,41.55743408203125,272,0.5262732417138237,0.003676470588235294
2,single_phase_only,single_phase,balanced,17,748,0.3,opxrd,197,0,,,197,0.5177664974619289,197,3.276425033598895,3.5928485996013033,4.993209918689373,5.133435999602436,3252.7875243443523,2.15638088851418,27.258043464652832,26.729372482834304,29.577671228342183,40.40327072143555,0,,
2,single_phase_only,multiphase_diagnostic,balanced,17,748,0.3,combined,226,75,0.05333333333333334,0.09333333333333334,106,0.9811320754716981,106,1.1483621619617304,1.2833606207167225,1.9530504635736965,8.249644565848504,70.01294675863014,0.9848022283661901,27.332836774187147,29.469031365451876,46.32966005317755,99.57304000854492,138,0.030952380952380953,0.0
2,single_phase_only,multiphase_diagnostic,balanced,17,748,0.3,rruff,0,0,,,0,,0,,,,,,,,,,,0,,
2,single_phase_only,multiphase_diagnostic,balanced,17,748,0.3,opxrd,226,75,0.05333333333333334,0.09333333333333334,106,0.9811320754716981,106,1.1483621619617304,1.2833606207167225,1.9530504635736965,8.249644565848504,70.01294675863014,0.9848022283661901,27.332836774187147,29.469031365451876,46.32966005317755,99.57304000854492,138,0.030952380952380953,0.0
3,zero_shot,single_phase,pretrain,0,0,0.5,combined,496,233,0.19313304721030042,0.5150214592274678,489,0.3067484662576687,481,3.558659545081338,3.6512475903545427,4.207379384903846,6.0770269547988125,815.1318537341334,2.5085159216269366,32.21047821895565,29.49965010250687,35.939952108718536,49.170257568359375,272,0.21093247588424435,0.0
3,zero_shot,single_phase,pretrain,0,0,0.5,rruff,272,233,0.19313304721030042,0.5150214592274678,265,0.35471698113207545,257,3.0109640133102955,3.3687176299992956,3.593080401417262,6.633665836613663,401.7156364351859,2.1511054771040756,26.61153928064116,28.335479103161525,37.87756351586364,40.910125732421875,272,0.21093247588424435,0.0
3,zero_shot,single_phase,pretrain,0,0,0.5,opxrd,224,0,,,224,0.25,224,4.187042365015078,3.9754002680835554,4.912177772207649,5.438383237716595,1289.453138760158,3.093114616456869,40.31021705019821,30.536888987987183,33.73396472250056,62.277090072631836,0,,
3,zero_shot,multiphase_diagnostic,pretrain,0,0,0.5,combined,199,150,0.02,0.03333333333333333,28,0.5714285714285714,28,1.9687769659289367,2.3739108363653805,3.1100689460125563,6.742849666200302,167.4756714957101,1.493322409160173,41.025340234756285,50.08959811410067,64.8638946249387,159.6346435546875,199,0.026990553306342778,0.0
3,zero_shot,multiphase_diagnostic,pretrain,0,0,0.5,rruff,0,0,,,0,,0,,,,,,,,,,,0,,
3,zero_shot,multiphase_diagnostic,pretrain,0,0,0.5,opxrd,199,150,0.02,0.03333333333333333,28,0.5714285714285714,28,1.9687769659289367,2.3739108363653805,3.1100689460125563,6.742849666200302,167.4756714957101,1.493322409160173,41.025340234756285,50.08959811410067,64.8638946249387,159.6346435546875,199,0.026990553306342778,0.0
3,all_real_control,single_phase,head_only,14,616,0.2,combined,496,233,0.44206008583690987,0.703862660944206,489,0.5930470347648262,481,2.893983215416013,2.9006658308450177,3.562514135422707,4.892845483012157,657.9887584281811,1.902392634081484,24.641466539606636,22.990249562172707,28.537542686931364,35.764793395996094,272,0.5370793858216268,0.003676470588235294
3,all_real_control,single_phase,head_only,14,616,0.2,rruff,272,233,0.44206008583690987,0.703862660944206,265,0.6188679245283019,257,2.7606483868637004,2.817404272127276,2.963579713472798,5.106873802113413,363.80627073295386,1.9001742682234308,24.086635734233084,24.178533631479247,31.19112338560765,35.272979736328125,272,0.5370793858216268,0.003676470588235294
3,all_real_control,single_phase,head_only,14,616,0.2,opxrd,224,0,,,224,0.5625,224,3.046961121388978,2.996193601338142,4.24968443203488,4.647286206186162,995.5106304713657,1.9650569858436,25.996887787568234,22.127200587440647,24.89302319027597,38.11964797973633,0,,
3,all_real_control,multiphase_diagnostic,head_only,14,616,0.2,combined,199,150,0.26,0.29333333333333333,28,1.0,28,0.13240458021785856,0.1531650982055799,0.2387628373943827,0.8488862602177807,5.280900001525879,0.1123151299507823,3.085580442292475,2.9475042533346008,4.357879681829504,7.4197962284088135,199,0.42001787310098304,0.34673366834170855
3,all_real_control,multiphase_diagnostic,head_only,14,616,0.2,rruff,0,0,,,0,,0,,,,,,,,,,,0,,
3,all_real_control,multiphase_diagnostic,head_only,14,616,0.2,opxrd,199,150,0.26,0.29333333333333333,28,1.0,28,0.13240458021785856,0.1531650982055799,0.2387628373943827,0.8488862602177807,5.280900001525879,0.1123151299507823,3.085580442292475,2.9475042533346008,4.357879681829504,7.4197962284088135,199,0.42001787310098304,0.34673366834170855
3,single_phase_only,single_phase,head_only,12,528,0.3,combined,496,233,0.41201716738197425,0.7253218884120172,489,0.6012269938650306,481,2.8930326008302427,2.8959954738324183,3.516378142219685,4.878529012583136,660.3098674226948,1.9337941467984088,24.943041138472335,23.224291236798713,28.474003918027115,36.43384552001953,272,0.5549577248270562,0.003676470588235294
3,single_phase_only,single_phase,head_only,12,528,0.3,rruff,272,233,0.41201716738197425,0.7253218884120172,265,0.6264150943396226,257,2.7902227850923356,2.8128218307296096,2.982110017730363,5.122829490699395,365.6086300950106,1.9337941467984088,23.85748924691908,23.860117610458655,31.129477351297982,37.26668930053711,272,0.5549577248270562,0.003676470588235294
3,single_phase_only,single_phase,head_only,12,528,0.3,opxrd,224,0,,,224,0.5714285714285714,224,3.0109885054938244,2.991422376856623,4.129355410048952,4.598237839030105,998.4269120352609,1.933495654804029,25.760286921232733,21.83389303909445,23.618293547046335,36.292842864990234,0,,
3,single_phase_only,multiphase_diagnostic,head_only,12,528,0.3,combined,199,150,0.04666666666666667,0.06666666666666667,28,0.9285714285714286,28,1.512262422505202,2.0041658333795946,3.735491767533218,6.219782385703092,165.56327125004358,1.1546854367620405,31.72212686068374,48.54998204851299,73.52938461936965,179.280029296875,199,0.07917059377945335,0.0
3,single_phase_only,multiphase_diagnostic,head_only,12,528,0.3,rruff,0,0,,,0,,0,,,,,,,,,,,0,,
3,single_phase_only,multiphase_diagnostic,head_only,12,528,0.3,opxrd,199,150,0.04666666666666667,0.06666666666666667,28,0.9285714285714286,28,1.512262422505202,2.0041658333795946,3.735491767533218,6.219782385703092,165.56327125004358,1.1546854367620405,31.72212686068374,48.54998204851299,73.52938461936965,179.280029296875,199,0.07917059377945335,0.0
4,zero_shot,single_phase,pretrain,0,0,0.5,combined,462,227,0.2599118942731278,0.5066079295154186,457,0.3741794310722101,452,3.362975615813518,3.580770335238898,4.706890495009698,5.893300848556334,852.1097850124393,2.4406931206328975,30.117418408360052,27.116482717198807,34.37976836606513,52.26171875,271,0.26940346375881974,0.01107011070110701
4,zero_shot,single_phase,pretrain,0,0,0.5,rruff,272,227,0.2599118942731278,0.5066079295154186,267,0.42696629213483145,262,2.9368544393104523,3.036027318951796,4.200670543706254,6.2279112607695915,544.3190991350713,2.349274549395935,28.228197305448585,25.6913054922221,35.566948410457144,48.768333435058594,271,0.26940346375881974,0.01107011070110701
4,zero_shot,single_phase,pretrain,0,0,0.5,opxrd,190,0,,,190,0.3,190,3.950574290780904,4.331942284013746,5.404941164701815,5.4318907011885775,1276.5369413275469,2.637977839207769,33.09853469896999,28.966182849585195,32.98223164102764,55.73771095275879,0,,
4,zero_shot,multiphase_diagnostic,pretrain,0,0,0.5,combined,233,125,0.24,0.256,74,0.44594594594594594,74,2.0691849226208876,2.5222740727382478,3.3277041681017288,5.8645138149060525,180.4761461824984,1.8469179611292437,50.879282599301824,65.70444123602721,81.02197952288748,267.1636276245117,232,0.00516795865633075,0.0
4,zero_shot,multiphase_diagnostic,pretrain,0,0,0.5,rruff,0,0,,,0,,0,,,,,,,,,,,0,,
4,zero_shot,multiphase_diagnostic,pretrain,0,0,0.5,opxrd,233,125,0.24,0.256,74,0.44594594594594594,74,2.0691849226208876,2.5222740727382478,3.3277041681017288,5.8645138149060525,180.4761461824984,1.8469179611292437,50.879282599301824,65.70444123602721,81.02197952288748,267.1636276245117,232,0.00516795865633075,0.0
4,all_real_control,single_phase,stronger,22,968,0.2,combined,462,227,0.4008810572687225,0.6475770925110133,457,0.5579868708971554,452,2.7044017535054343,2.954584724951861,4.0835414593371,5.487414140674989,690.8433861479296,1.805144088862133,23.54299146109685,20.56416264825767,23.66756048272496,39.849016189575195,271,0.5270314017481386,0.0036900369003690036
4,all_real_control,single_phase,stronger,22,968,0.2,rruff,272,227,0.4008810572687225,0.6475770925110133,267,0.5430711610486891,262,2.5941318076868516,2.6765720358777125,3.685879740467169,6.013433005442528,520.8926819590212,1.9150382236072834,23.742873816646053,20.97363931082799,24.374756338759248,40.404531478881836,271,0.5270314017481386,0.0036900369003690036
4,all_real_control,single_phase,stronger,22,968,0.2,opxrd,190,0,,,190,0.5789473684210527,190,2.8564582051079013,3.3379495909383188,4.631896040094585,4.762061811363962,925.1964624505295,1.6167514638280496,21.849129983440086,19.62586546511597,23.59427680973483,38.959794998168945,0,,
4,all_real_control,multiphase_diagnostic,stronger,22,968,0.2,combined,233,125,0.736,0.832,74,0.9864864864864865,74,0.15446108309806994,0.22559601646904617,0.2177386472784122,1.2414469193491187,6.020766052039894,0.10198045119331489,2.813252120343216,3.1034032341914086,4.146436673759748,5.155458927154541,232,0.7573415765069552,0.5948275862068966
4,all_real_control,multiphase_diagnostic,stronger,22,968,0.2,rruff,0,0,,,0,,0,,,,,,,,,,,0,,
4,all_real_control,multiphase_diagnostic,stronger,22,968,0.2,opxrd,233,125,0.736,0.832,74,0.9864864864864865,74,0.15446108309806994,0.22559601646904617,0.2177386472784122,1.2414469193491187,6.020766052039894,0.10198045119331489,2.813252120343216,3.1034032341914086,4.146436673759748,5.155458927154541,232,0.7573415765069552,0.5948275862068966
4,single_phase_only,single_phase,stronger,11,484,0.3,combined,462,227,0.4581497797356828,0.6607929515418502,457,0.5492341356673961,452,2.7720870219443623,3.030950683927479,4.289791519474935,5.2911490026863195,716.5099843962003,1.8908509192217862,23.966262677075747,21.962890651678002,27.23742341688257,39.93901443481445,271,0.5536938309215537,0.0036900369003690036
4,single_phase_only,single_phase,stronger,11,484,0.3,rruff,272,227,0.4581497797356828,0.6607929515418502,267,0.5430711610486891,262,2.6749915847595314,2.7533751917283897,3.7925350081411517,5.688975256071673,521.8401272023907,2.0489042141233123,24.70979599834258,21.962890651678002,29.011592150105955,40.48890686035156,271,0.5536938309215537,0.0036900369003690036
4,single_phase_only,single_phase,stronger,11,484,0.3,opxrd,190,0,,,190,0.5578947368421052,190,2.9059765195360763,3.4137126784335914,4.97548207720889,4.742567537491779,984.9494716845061,1.6270631891290943,21.40366207848113,21.9339896131012,25.904918847955564,39.143150329589844,0,,
4,single_phase_only,multiphase_diagnostic,stronger,11,484,0.3,combined,233,125,0.272,0.304,74,0.8648648648648649,74,2.282176184373431,2.6888411822680762,5.188853191281809,4.382251242115137,289.1671266813536,1.9125441099358742,52.83271062340382,61.308852252054095,123.71746290152512,420.0320129394531,232,0.0,0.0
4,single_phase_only,multiphase_diagnostic,stronger,11,484,0.3,rruff,0,0,,,0,,0,,,,,,,,,,,0,,
4,single_phase_only,multiphase_diagnostic,stronger,11,484,0.3,opxrd,233,125,0.272,0.304,74,0.8648648648648649,74,2.282176184373431,2.6888411822680762,5.188853191281809,4.382251242115137,289.1671266813536,1.9125441099358742,52.83271062340382,61.308852252054095,123.71746290152512,420.0320129394531,232,0.0,0.0
5,zero_shot,single_phase,pretrain,0,0,0.5,combined,497,208,0.2403846153846154,0.5336538461538461,491,0.3360488798370672,490,3.6441946464544706,3.3832142991664966,4.721285844392569,5.671616591846942,950.64925426561,2.536802391008033,34.24358299324616,27.96157546148656,33.44857262207903,51.456830978393555,270,0.25418060200668896,0.0
5,zero_shot,single_phase,pretrain,0,0,0.5,rruff,271,208,0.2403846153846154,0.5336538461538461,265,0.39622641509433965,264,3.1751881608267727,2.81206870757253,4.596618090606078,5.97789132800494,690.7253408432007,2.2771925666017934,26.366809229410713,26.24499379751155,36.49982818329616,49.42457389831543,270,0.25418060200668896,0.0
5,zero_shot,single_phase,pretrain,0,0,0.5,opxrd,226,0,,,226,0.26548672566371684,226,4.192060629665588,4.05039322032051,4.866915432886524,5.313844333680078,1254.2771885289555,2.9412606231510154,43.36998725929571,34.58817113020531,32.22993500609621,53.61650848388672,0,,
5,zero_shot,multiphase_diagnostic,pretrain,0,0,0.5,combined,197,74,0.02702702702702703,0.08108108108108109,47,0.1702127659574468,47,1.573957095572968,1.8388093819283438,2.2382785758601016,5.813634405054669,81.77975731707633,1.498446645132391,41.75458062102369,48.76836497847443,56.91628987867247,157.55690002441406,152,0.0,0.0
5,zero_shot,multiphase_diagnostic,pretrain,0,0,0.5,rruff,0,0,,,0,,0,,,,,,,,,,,0,,
5,zero_shot,multiphase_diagnostic,pretrain,0,0,0.5,opxrd,197,74,0.02702702702702703,0.08108108108108109,47,0.1702127659574468,47,1.573957095572968,1.8388093819283438,2.2382785758601016,5.813634405054669,81.77975731707633,1.498446645132391,41.75458062102369,48.76836497847443,56.91628987867247,157.55690002441406,152,0.0,0.0
5,all_real_control,single_phase,balanced,16,704,0.3,combined,497,208,0.39903846153846156,0.6490384615384616,491,0.570264765784114,490,2.946059073279072,2.9487281281308935,4.17516779202524,5.258681112666643,777.6069688913774,2.036120501858586,27.389607310310396,24.54761503033967,27.17124943319429,42.10270309448242,270,0.5209380234505863,0.022222222222222223
5,all_real_control,single_phase,balanced,16,704,0.3,rruff,271,208,0.39903846153846156,0.6490384615384616,265,0.5245283018867924,264,2.9227503795639023,2.5619247409867434,4.179416919323528,5.627898821822698,631.8417622970812,2.008951200480674,26.714796572597173,20.94116548613367,29.240670407805926,43.34633445739746,270,0.5209380234505863,0.022222222222222223
5,all_real_control,single_phase,balanced,16,704,0.3,opxrd,226,0,,,226,0.6238938053097345,226,2.973286927884403,3.400569252936449,4.170204209694496,4.827382549758687,947.8813695148029,2.0702792850285614,27.64435913736768,27.309821293883857,26.69390529477889,40.12569046020508,0,,
5,all_real_control,multiphase_diagnostic,balanced,16,704,0.3,combined,197,74,0.8108108108108109,1.0,47,1.0,47,0.06706563473520841,0.07791526619656024,0.1473515599509505,0.8353696183734597,2.97386737579995,0.05744898119464992,1.5987359980422275,1.5165246966601549,3.5644901897281773,4.7063679695129395,152,0.7570900123304561,0.39473684210526316
5,all_real_control,multiphase_diagnostic,balanced,16,704,0.3,rruff,0,0,,,0,,0,,,,,,,,,,,0,,
5,all_real_control,multiphase_diagnostic,balanced,16,704,0.3,opxrd,197,74,0.8108108108108109,1.0,47,1.0,47,0.06706563473520841,0.07791526619656024,0.1473515599509505,0.8353696183734597,2.97386737579995,0.05744898119464992,1.5987359980422275,1.5165246966601549,3.5644901897281773,4.7063679695129395,152,0.7570900123304561,0.39473684210526316
5,single_phase_only,single_phase,stronger,10,440,0.4,combined,497,208,0.4182692307692308,0.6538461538461539,491,0.5804480651731161,490,2.837559429371691,2.8312709803739438,4.055077057354755,5.235358322815625,741.5789484062973,1.9112612488754834,25.737622209451338,24.099342119747124,25.518542656146266,40.62215614318848,270,0.5362453531598513,0.018518518518518517
5,single_phase_only,single_phase,stronger,10,440,0.4,rruff,271,208,0.4182692307692308,0.6538461538461539,265,0.539622641509434,264,2.8767790042854013,2.507394424866421,4.071285112227555,5.6522047718485044,627.883067665678,1.9982826976045684,26.353626877205564,22.029943213184886,26.39352148730702,42.25746726989746,270,0.5362453531598513,0.018518518518518517
5,single_phase_only,single_phase,stronger,10,440,0.4,opxrd,226,0,,,226,0.6283185840707964,226,2.7917454126583308,3.2096046558340583,4.036143754317503,4.748422647839162,874.3918356431269,1.7364684961877193,24.856776144576784,25.439947186155273,24.53723540063206,38.81550598144531,0,,
5,single_phase_only,multiphase_diagnostic,stronger,10,440,0.4,combined,197,74,0.17567567567567569,0.25675675675675674,47,0.9361702127659575,47,0.9239039460474704,1.0655687543067982,2.739333029909146,9.107535874019103,70.12556514334172,0.853773122054966,23.78330644525049,28.762897497503392,76.90792138454059,136.41917419433594,152,0.00894187779433681,0.0
5,single_phase_only,multiphase_diagnostic,stronger,10,440,0.4,rruff,0,0,,,0,,0,,,,,,,,,,,0,,
5,single_phase_only,multiphase_diagnostic,stronger,10,440,0.4,opxrd,197,74,0.17567567567567569,0.25675675675675674,47,0.9361702127659575,47,0.9239039460474704,1.0655687543067982,2.739333029909146,9.107535874019103,70.12556514334172,0.853773122054966,23.78330644525049,28.762897497503392,76.90792138454059,136.41917419433594,152,0.00894187779433681,0.0
