fold,eval_set,scope,metric,single_phase_ft,all_real_ft,difference_single_minus_all
1,single_phase,combined,sys_acc,0.5305263157894737,0.5536842105263158,-0.023157894736842044
1,single_phase,combined,sg_acc,0.4354066985645933,0.44019138755980863,-0.004784688995215336
1,single_phase,combined,sg_top5,0.7129186602870813,0.7177033492822966,-0.004784688995215336
1,single_phase,combined,el_f1_micro,0.5614457831325301,0.5278592375366569,0.03358654559587326
1,single_phase,combined,el_exact,0.003676470588235294,0.007352941176470588,-0.003676470588235294
1,single_phase,combined,mae_a,3.6495969140129354,3.710049717482521,-0.0604528034695857
1,single_phase,combined,mae_a_med,1.84393344527675,1.8117509679289485,0.03218247734780144
1,single_phase,combined,mape_a_med,24.303970428298445,23.31660523284858,0.9873651954498648
1,single_phase,combined,mae_b,3.253918921882136,3.3361130924320452,-0.08219417054990918
1,single_phase,combined,mape_b_med,21.44372117232393,21.523073091175036,-0.07935191885110626
1,single_phase,combined,mae_c,3.900504070612099,3.9948818512097986,-0.09437778059769952
1,single_phase,combined,mape_c_med,26.145492298516096,27.154343870255445,-1.0088515717393491
1,single_phase,combined,mae_ang,5.158870210220857,5.1583434273910775,0.0005267828297794708
1,single_phase,combined,mae_vol,2538.7318250795292,2557.239661793852,-18.50783671432282
1,single_phase,combined,mape_vol_med,42.59023475646973,44.9759635925293,-2.3857288360595703
1,single_phase,rruff,sys_acc,0.5584905660377358,0.5773584905660377,-0.018867924528301883
1,single_phase,rruff,sg_acc,0.4354066985645933,0.44019138755980863,-0.004784688995215336
1,single_phase,rruff,sg_top5,0.7129186602870813,0.7177033492822966,-0.004784688995215336
1,single_phase,rruff,el_f1_micro,0.5614457831325301,0.5278592375366569,0.03358654559587326
1,single_phase,rruff,el_exact,0.003676470588235294,0.007352941176470588,-0.003676470588235294
1,single_phase,rruff,mae_a,2.3105593275246434,2.313774017987765,-0.0032146904631216167
1,single_phase,rruff,mae_a_med,1.5858312761289288,1.5826959485598833,0.003135327569045554
1,single_phase,rruff,mape_a_med,21.030775422474782,19.29671384765608,1.7340615748187034
1,single_phase,rruff,mae_b,2.5720991987686044,2.615980832642655,-0.04388163387405042
1,single_phase,rruff,mape_b_med,18.69800598363639,19.851791290773726,-1.153785307137337
1,single_phase,rruff,mae_c,2.8930813348271154,2.921128239465448,-0.02804690463833248
1,single_phase,rruff,mape_c_med,24.58328599179142,24.74712457349049,-0.16383858169906773
1,single_phase,rruff,mae_ang,5.122440519414008,5.101758137583801,0.02068238183020732
1,single_phase,rruff,mae_vol,360.748752117157,374.4744561910629,-13.725704073905945
1,single_phase,rruff,mape_vol_med,36.64197540283203,39.49947166442871,-2.8574962615966797
1,single_phase,opxrd,sys_acc,0.49523809523809526,0.5238095238095238,-0.02857142857142858
1,single_phase,opxrd,mae_a,5.281947495636758,5.41217628448565,-0.13022878884889177
1,single_phase,opxrd,mae_a_med,2.346699676489589,2.5233481594216673,-0.17664848293207847
1,single_phase,opxrd,mape_a_med,28.864350656858775,32.85549077741995,-3.9911401205611767
1,single_phase,opxrd,mae_b,4.085089631963393,4.213988609127682,-0.12889897716428944
1,single_phase,opxrd,mape_b_med,26.962116578767375,26.68297387800986,0.27914270075751446
1,single_phase,opxrd,mae_c,5.128600358045222,5.303838635050531,-0.1752382770053087
1,single_phase,opxrd,mape_c_med,28.116433890792127,30.077419389784286,-1.9609854989921587
1,single_phase,opxrd,mae_ang,5.2032797380615845,5.22732359020376,-0.024043852142175304
1,single_phase,opxrd,mae_vol,5193.796904500326,5218.134388623919,-24.33748412359364
1,single_phase,opxrd,mape_vol_med,56.25531578063965,56.44887351989746,-0.1935577392578125
1,multiphase_diagnostic,combined,sys_acc,0.9622641509433962,0.9811320754716981,-0.018867924528301883
1,multiphase_diagnostic,combined,sg_acc,0.2191780821917808,0.3835616438356164,-0.1643835616438356
1,multiphase_diagnostic,combined,sg_top5,0.6027397260273972,0.726027397260274,-0.12328767123287676
1,multiphase_diagnostic,combined,el_f1_micro,0.0,0.25914315569487983,-0.25914315569487983
1,multiphase_diagnostic,combined,el_exact,0.0,0.2742857142857143,-0.2742857142857143
1,multiphase_diagnostic,combined,mae_a,1.2063572752331082,0.0888595586461957,1.1174977165869124
1,multiphase_diagnostic,combined,mae_a_med,0.9708548200401701,0.06309482299878955,0.9077599970413806
1,multiphase_diagnostic,combined,mape_a_med,27.136282997146985,1.7617854388101422,25.37449755833684
1,multiphase_diagnostic,combined,mae_b,1.949161273896181,0.4015604305556043,1.5476008433405766
1,multiphase_diagnostic,combined,mape_b_med,39.9008661409036,3.405695298484529,36.49517084241907
1,multiphase_diagnostic,combined,mae_c,2.8648809928010683,0.18985426377007894,2.6750267290309893
1,multiphase_diagnostic,combined,mape_c_med,67.80320772742972,3.3116939478589096,64.49151377957081
1,multiphase_diagnostic,combined,mae_ang,10.69356286852522,0.8337755085996985,9.859787359925521
1,multiphase_diagnostic,combined,mae_vol,122.02811726983988,15.667052286975789,106.3610649828641
1,multiphase_diagnostic,combined,mape_vol_med,151.2920379638672,9.693278312683105,141.59875965118408
1,multiphase_diagnostic,opxrd,sys_acc,0.9622641509433962,0.9811320754716981,-0.018867924528301883
1,multiphase_diagnostic,opxrd,sg_acc,0.2191780821917808,0.3835616438356164,-0.1643835616438356
1,multiphase_diagnostic,opxrd,sg_top5,0.6027397260273972,0.726027397260274,-0.12328767123287676
1,multiphase_diagnostic,opxrd,el_f1_micro,0.0,0.25914315569487983,-0.25914315569487983
1,multiphase_diagnostic,opxrd,el_exact,0.0,0.2742857142857143,-0.2742857142857143
1,multiphase_diagnostic,opxrd,mae_a,1.2063572752331082,0.0888595586461957,1.1174977165869124
1,multiphase_diagnostic,opxrd,mae_a_med,0.9708548200401701,0.06309482299878955,0.9077599970413806
1,multiphase_diagnostic,opxrd,mape_a_med,27.136282997146985,1.7617854388101422,25.37449755833684
1,multiphase_diagnostic,opxrd,mae_b,1.949161273896181,0.4015604305556043,1.5476008433405766
1,multiphase_diagnostic,opxrd,mape_b_med,39.9008661409036,3.405695298484529,36.49517084241907
1,multiphase_diagnostic,opxrd,mae_c,2.8648809928010683,0.18985426377007894,2.6750267290309893
1,multiphase_diagnostic,opxrd,mape_c_med,67.80320772742972,3.3116939478589096,64.49151377957081
1,multiphase_diagnostic,opxrd,mae_ang,10.69356286852522,0.8337755085996985,9.859787359925521
1,multiphase_diagnostic,opxrd,mae_vol,122.02811726983988,15.667052286975789,106.3610649828641
1,multiphase_diagnostic,opxrd,mape_vol_med,151.2920379638672,9.693278312683105,141.59875965118408
2,single_phase,combined,sys_acc,0.5474137931034483,0.5495689655172413,-0.0021551724137930384
2,single_phase,combined,sg_acc,0.37719298245614036,0.37719298245614036,0.0
2,single_phase,combined,sg_top5,0.6491228070175439,0.6622807017543859,-0.013157894736842035
2,single_phase,combined,el_f1_micro,0.5262732417138237,0.508273228680526,0.01800001303329768
2,single_phase,combined,el_exact,0.003676470588235294,0.003676470588235294,0.0
2,single_phase,combined,mae_a,2.949014635579796,2.989097113914126,-0.040082478334329874
2,single_phase,combined,mae_a_med,1.9686005685724695,2.0390032598600882,-0.07040269128761878
2,single_phase,combined,mape_a_med,26.481095278598993,25.93867541815358,0.5424198604454133
2,single_phase,combined,mae_b,3.303114751006481,3.3045356509692176,-0.0014208999627367547
2,single_phase,combined,mape_b_med,23.9533916448584,22.89588000338644,1.057511641471958
2,single_phase,combined,mae_c,4.242615218013252,4.338030132511551,-0.0954149144982992
2,single_phase,combined,mape_c_med,29.935802216693446,32.021763350312426,-2.08596113361898
2,single_phase,combined,mae_ang,5.595192788788489,5.5856133109905866,0.009579477797902136
2,single_phase,combined,mae_vol,1691.2015845984743,1694.8675307892915,-3.6659461908172943
2,single_phase,combined,mape_vol_med,41.28573036193848,43.2992057800293,-2.0134754180908203
2,single_phase,rruff,sys_acc,0.5692883895131086,0.5543071161048689,0.014981273408239626
2,single_phase,rruff,sg_acc,0.37719298245614036,0.37719298245614036,0.0
2,single_phase,rruff,sg_top5,0.6491228070175439,0.6622807017543859,-0.013157894736842035
2,single_phase,rruff,el_f1_micro,0.5262732417138237,0.508273228680526,0.01800001303329768
2,single_phase,rruff,el_exact,0.003676470588235294,0.003676470588235294,0.0
2,single_phase,rruff,mae_a,2.6999804718355387,2.6827049375543726,0.017275534281166127
2,single_phase,rruff,mae_a_med,1.8842563470639133,1.9174273397689916,-0.033170992705078284
2,single_phase,rruff,mape_a_med,25.61810435513628,25.891844791423335,-0.27374043628705635
2,single_phase,rruff,mae_b,3.0827380399131212,3.05869002751317,0.024048012399951357
2,single_phase,rruff,mape_b_med,23.208170056464418,22.30484739903369,0.9033226574307278
2,single_phase,rruff,mae_c,3.6716995576534224,3.724539945336132,-0.05284038768270971
2,single_phase,rruff,mape_c_med,30.100367041229646,33.052618243624465,-2.9522512023948195
2,single_phase,rruff,mae_ang,5.9464132037292305,5.9143106359891044,0.0321025677401261
2,single_phase,rruff,mae_vol,503.43158409678335,497.25834750024507,6.173236596538288
2,single_phase,rruff,mape_vol_med,41.55743408203125,41.796321868896484,-0.23888778686523438
2,single_phase,opxrd,sys_acc,0.5177664974619289,0.5431472081218274,-0.025380710659898442
2,single_phase,opxrd,mae_a,3.276425033598895,3.3919172848642583,-0.11549225126536333
2,single_phase,opxrd,mae_a_med,2.15638088851418,2.2183000795945897,-0.061919191080409774
2,single_phase,opxrd,mape_a_med,27.258043464652832,25.999578897147558,1.2584645675052748
2,single_phase,opxrd,mae_b,3.5928485996013033,3.627754008710926,-0.03490540910962281
2,single_phase,opxrd,mape_b_med,26.729372482834304,26.146706443618427,0.5826660392158765
2,single_phase,opxrd,mae_c,4.993209918689373,5.1445984496609585,-0.15138853097158567
2,single_phase,opxrd,mape_c_med,29.577671228342183,31.34263238362405,-1.764961155281867
2,single_phase,opxrd,mae_ang,5.133435999602436,5.153468096906242,-0.020032097303806395
2,single_phase,opxrd,mae_vol,3252.7875243443523,3269.3892489205764,-16.601724576224115
2,single_phase,opxrd,mape_vol_med,40.40327072143555,43.83945846557617,-3.436187744140625
2,multiphase_diagnostic,combined,sys_acc,0.9811320754716981,0.9811320754716981,0.0
2,multiphase_diagnostic,combined,sg_acc,0.05333333333333334,0.41333333333333333,-0.36
2,multiphase_diagnostic,combined,sg_top5,0.09333333333333334,0.7466666666666667,-0.6533333333333333
2,multiphase_diagnostic,combined,el_f1_micro,0.030952380952380953,0.6362416107382549,-0.605289229785874
2,multiphase_diagnostic,combined,el_exact,0.0,0.5362318840579711,-0.5362318840579711
2,multiphase_diagnostic,combined,mae_a,1.1483621619617304,0.13581580413294417,1.012546357828786
2,multiphase_diagnostic,combined,mae_a_med,0.9848022283661901,0.0700274004492798,0.9147748279169103
2,multiphase_diagnostic,combined,mape_a_med,27.332836774187147,1.9456966054131937,25.387140168773954
2,multiphase_diagnostic,combined,mae_b,1.2833606207167225,0.217743928471559,1.0656166922451635
2,multiphase_diagnostic,combined,mape_b_med,29.469031365451876,4.676845257656181,24.792186107795693
2,multiphase_diagnostic,combined,mae_c,1.9530504635736965,0.17175173651919423,1.7812987270545022
2,multiphase_diagnostic,combined,mape_c_med,46.32966005317755,2.2282814675435483,44.101378585634
2,multiphase_diagnostic,combined,mae_ang,8.249644565848504,1.1102469638135384,7.139397602034966
2,multiphase_diagnostic,combined,mae_vol,70.01294675863014,8.551610838692143,61.461335919937994
2,multiphase_diagnostic,combined,mape_vol_med,99.57304000854492,8.07788610458374,91.49515390396118
2,multiphase_diagnostic,opxrd,sys_acc,0.9811320754716981,0.9811320754716981,0.0
2,multiphase_diagnostic,opxrd,sg_acc,0.05333333333333334,0.41333333333333333,-0.36
2,multiphase_diagnostic,opxrd,sg_top5,0.09333333333333334,0.7466666666666667,-0.6533333333333333
2,multiphase_diagnostic,opxrd,el_f1_micro,0.030952380952380953,0.6362416107382549,-0.605289229785874
2,multiphase_diagnostic,opxrd,el_exact,0.0,0.5362318840579711,-0.5362318840579711
2,multiphase_diagnostic,opxrd,mae_a,1.1483621619617304,0.13581580413294417,1.012546357828786
2,multiphase_diagnostic,opxrd,mae_a_med,0.9848022283661901,0.0700274004492798,0.9147748279169103
2,multiphase_diagnostic,opxrd,mape_a_med,27.332836774187147,1.9456966054131937,25.387140168773954
2,multiphase_diagnostic,opxrd,mae_b,1.2833606207167225,0.217743928471559,1.0656166922451635
2,multiphase_diagnostic,opxrd,mape_b_med,29.469031365451876,4.676845257656181,24.792186107795693
2,multiphase_diagnostic,opxrd,mae_c,1.9530504635736965,0.17175173651919423,1.7812987270545022
2,multiphase_diagnostic,opxrd,mape_c_med,46.32966005317755,2.2282814675435483,44.101378585634
2,multiphase_diagnostic,opxrd,mae_ang,8.249644565848504,1.1102469638135384,7.139397602034966
2,multiphase_diagnostic,opxrd,mae_vol,70.01294675863014,8.551610838692143,61.461335919937994
2,multiphase_diagnostic,opxrd,mape_vol_med,99.57304000854492,8.07788610458374,91.49515390396118
3,single_phase,combined,sys_acc,0.6012269938650306,0.5930470347648262,0.008179959100204415
3,single_phase,combined,sg_acc,0.41201716738197425,0.44206008583690987,-0.03004291845493562
3,single_phase,combined,sg_top5,0.7253218884120172,0.703862660944206,0.02145922746781115
3,single_phase,combined,el_f1_micro,0.5549577248270562,0.5370793858216268,0.017878339005429345
3,single_phase,combined,el_exact,0.003676470588235294,0.003676470588235294,0.0
3,single_phase,combined,mae_a,2.8930326008302427,2.893983215416013,-0.0009506145857702819
3,single_phase,combined,mae_a_med,1.9337941467984088,1.902392634081484,0.03140151271692471
3,single_phase,combined,mape_a_med,24.943041138472335,24.641466539606636,0.3015745988656988
3,single_phase,combined,mae_b,2.8959954738324183,2.9006658308450177,-0.004670357012599435
3,single_phase,combined,mape_b_med,23.224291236798713,22.990249562172707,0.2340416746260061
3,single_phase,combined,mae_c,3.516378142219685,3.562514135422707,-0.046135993203022085
3,single_phase,combined,mape_c_med,28.474003918027115,28.537542686931364,-0.06353876890424814
3,single_phase,combined,mae_ang,4.878529012583136,4.892845483012157,-0.014316470429021066
3,single_phase,combined,mae_vol,660.3098674226948,657.9887584281811,2.321108994513679
3,single_phase,combined,mape_vol_med,36.43384552001953,35.764793395996094,0.6690521240234375
3,single_phase,rruff,sys_acc,0.6264150943396226,0.6188679245283019,0.007547169811320753
3,single_phase,rruff,sg_acc,0.41201716738197425,0.44206008583690987,-0.03004291845493562
3,single_phase,rruff,sg_top5,0.7253218884120172,0.703862660944206,0.02145922746781115
3,single_phase,rruff,el_f1_micro,0.5549577248270562,0.5370793858216268,0.017878339005429345
3,single_phase,rruff,el_exact,0.003676470588235294,0.003676470588235294,0.0
3,single_phase,rruff,mae_a,2.7902227850923356,2.7606483868637004,0.029574398228635168
3,single_phase,rruff,mae_a_med,1.9337941467984088,1.9001742682234308,0.033619878574977946
3,single_phase,rruff,mape_a_med,23.85748924691908,24.086635734233084,-0.22914648731400433
3,single_phase,rruff,mae_b,2.8128218307296096,2.817404272127276,-0.0045824413976665035
3,single_phase,rruff,mape_b_med,23.860117610458655,24.178533631479247,-0.3184160210205924
3,single_phase,rruff,mae_c,2.982110017730363,2.963579713472798,0.018530304257565078
3,single_phase,rruff,mape_c_med,31.129477351297982,31.19112338560765,-0.06164603430966764
3,single_phase,rruff,mae_ang,5.122829490699395,5.106873802113413,0.015955688585981953
3,single_phase,rruff,mae_vol,365.6086300950106,363.80627073295386,1.802359362056734
3,single_phase,rruff,mape_vol_med,37.26668930053711,35.272979736328125,1.9937095642089844
3,single_phase,opxrd,sys_acc,0.5714285714285714,0.5625,0.008928571428571397
3,single_phase,opxrd,mae_a,3.0109885054938244,3.046961121388978,-0.03597261589515366
3,single_phase,opxrd,mae_a_med,1.933495654804029,1.9650569858436,-0.03156133103957104
3,single_phase,opxrd,mape_a_med,25.760286921232733,25.996887787568234,-0.23660086633550037
3,single_phase,opxrd,mae_b,2.991422376856623,2.996193601338142,-0.00477122448151901
3,single_phase,opxrd,mape_b_med,21.83389303909445,22.127200587440647,-0.2933075483461991
3,single_phase,opxrd,mae_c,4.129355410048952,4.24968443203488,-0.12032902198592854
3,single_phase,opxrd,mape_c_med,23.618293547046335,24.89302319027597,-1.2747296432296338
3,single_phase,opxrd,mae_ang,4.598237839030105,4.647286206186162,-0.04904836715605665
3,single_phase,opxrd,mae_vol,998.4269120352609,995.5106304713657,2.9162815638951542
3,single_phase,opxrd,mape_vol_med,36.292842864990234,38.11964797973633,-1.8268051147460938
3,multiphase_diagnostic,combined,sys_acc,0.9285714285714286,1.0,-0.0714285714285714
3,multiphase_diagnostic,combined,sg_acc,0.04666666666666667,0.26,-0.21333333333333335
3,multiphase_diagnostic,combined,sg_top5,0.06666666666666667,0.29333333333333333,-0.22666666666666668
3,multiphase_diagnostic,combined,el_f1_micro,0.07917059377945335,0.42001787310098304,-0.3408472793215297
3,multiphase_diagnostic,combined,el_exact,0.0,0.34673366834170855,-0.34673366834170855
3,multiphase_diagnostic,combined,mae_a,1.512262422505202,0.13240458021785856,1.3798578422873433
3,multiphase_diagnostic,combined,mae_a_med,1.1546854367620405,0.1123151299507823,1.0423703068112582
3,multiphase_diagnostic,combined,mape_a_med,31.72212686068374,3.085580442292475,28.636546418391266
3,multiphase_diagnostic,combined,mae_b,2.0041658333795946,0.1531650982055799,1.8510007351740148
3,multiphase_diagnostic,combined,mape_b_med,48.54998204851299,2.9475042533346008,45.60247779517839
3,multiphase_diagnostic,combined,mae_c,3.735491767533218,0.2387628373943827,3.4967289301388353
3,multiphase_diagnostic,combined,mape_c_med,73.52938461936965,4.357879681829504,69.17150493754015
3,multiphase_diagnostic,combined,mae_ang,6.219782385703092,0.8488862602177807,5.370896125485311
3,multiphase_diagnostic,combined,mae_vol,165.56327125004358,5.280900001525879,160.2823712485177
3,multiphase_diagnostic,combined,mape_vol_med,179.280029296875,7.4197962284088135,171.8602330684662
3,multiphase_diagnostic,opxrd,sys_acc,0.9285714285714286,1.0,-0.0714285714285714
3,multiphase_diagnostic,opxrd,sg_acc,0.04666666666666667,0.26,-0.21333333333333335
3,multiphase_diagnostic,opxrd,sg_top5,0.06666666666666667,0.29333333333333333,-0.22666666666666668
3,multiphase_diagnostic,opxrd,el_f1_micro,0.07917059377945335,0.42001787310098304,-0.3408472793215297
3,multiphase_diagnostic,opxrd,el_exact,0.0,0.34673366834170855,-0.34673366834170855
3,multiphase_diagnostic,opxrd,mae_a,1.512262422505202,0.13240458021785856,1.3798578422873433
3,multiphase_diagnostic,opxrd,mae_a_med,1.1546854367620405,0.1123151299507823,1.0423703068112582
3,multiphase_diagnostic,opxrd,mape_a_med,31.72212686068374,3.085580442292475,28.636546418391266
3,multiphase_diagnostic,opxrd,mae_b,2.0041658333795946,0.1531650982055799,1.8510007351740148
3,multiphase_diagnostic,opxrd,mape_b_med,48.54998204851299,2.9475042533346008,45.60247779517839
3,multiphase_diagnostic,opxrd,mae_c,3.735491767533218,0.2387628373943827,3.4967289301388353
3,multiphase_diagnostic,opxrd,mape_c_med,73.52938461936965,4.357879681829504,69.17150493754015
3,multiphase_diagnostic,opxrd,mae_ang,6.219782385703092,0.8488862602177807,5.370896125485311
3,multiphase_diagnostic,opxrd,mae_vol,165.56327125004358,5.280900001525879,160.2823712485177
3,multiphase_diagnostic,opxrd,mape_vol_med,179.280029296875,7.4197962284088135,171.8602330684662
4,single_phase,combined,sys_acc,0.5492341356673961,0.5579868708971554,-0.008752735229759279
4,single_phase,combined,sg_acc,0.4581497797356828,0.4008810572687225,0.05726872246696035
4,single_phase,combined,sg_top5,0.6607929515418502,0.6475770925110133,0.013215859030836996
4,single_phase,combined,el_f1_micro,0.5536938309215537,0.5270314017481386,0.026662429173415103
4,single_phase,combined,el_exact,0.0036900369003690036,0.0036900369003690036,0.0
4,single_phase,combined,mae_a,2.7720870219443623,2.7044017535054343,0.06768526843892797
4,single_phase,combined,mae_a_med,1.8908509192217862,1.805144088862133,0.0857068303596531
4,single_phase,combined,mape_a_med,23.966262677075747,23.54299146109685,0.4232712159788967
4,single_phase,combined,mae_b,3.030950683927479,2.954584724951861,0.07636595897561804
4,single_phase,combined,mape_b_med,21.962890651678002,20.56416264825767,1.3987280034203309
4,single_phase,combined,mae_c,4.289791519474935,4.0835414593371,0.20625006013783498
4,single_phase,combined,mape_c_med,27.23742341688257,23.66756048272496,3.5698629341576122
4,single_phase,combined,mae_ang,5.2911490026863195,5.487414140674989,-0.19626513798866974
4,single_phase,combined,mae_vol,716.5099843962003,690.8433861479296,25.666598248270702
4,single_phase,combined,mape_vol_med,39.93901443481445,39.849016189575195,0.08999824523925781
4,single_phase,rruff,sys_acc,0.5430711610486891,0.5430711610486891,0.0
4,single_phase,rruff,sg_acc,0.4581497797356828,0.4008810572687225,0.05726872246696035
4,single_phase,rruff,sg_top5,0.6607929515418502,0.6475770925110133,0.013215859030836996
4,single_phase,rruff,el_f1_micro,0.5536938309215537,0.5270314017481386,0.026662429173415103
4,single_phase,rruff,el_exact,0.0036900369003690036,0.0036900369003690036,0.0
4,single_phase,rruff,mae_a,2.6749915847595314,2.5941318076868516,0.08085977707267977
4,single_phase,rruff,mae_a_med,2.0489042141233123,1.9150382236072834,0.13386599051602888
4,single_phase,rruff,mape_a_med,24.70979599834258,23.742873816646053,0.9669221816965283
4,single_phase,rruff,mae_b,2.7533751917283897,2.6765720358777125,0.07680315585067721
4,single_phase,rruff,mape_b_med,21.962890651678002,20.97363931082799,0.9892513408500108
4,single_phase,rruff,mae_c,3.7925350081411517,3.685879740467169,0.10665526767398292
4,single_phase,rruff,mape_c_med,29.011592150105955,24.374756338759248,4.636835811346707
4,single_phase,rruff,mae_ang,5.688975256071673,6.013433005442528,-0.3244577493708549
4,single_phase,rruff,mae_vol,521.8401272023907,520.8926819590212,0.9474452433695433
4,single_phase,rruff,mape_vol_med,40.48890686035156,40.404531478881836,0.08437538146972656
4,single_phase,opxrd,sys_acc,0.5578947368421052,0.5789473684210527,-0.021052631578947434
4,single_phase,opxrd,mae_a,2.9059765195360763,2.8564582051079013,0.049518314428175
4,single_phase,opxrd,mae_a_med,1.6270631891290943,1.6167514638280496,0.010311725301044739
4,single_phase,opxrd,mape_a_med,21.40366207848113,21.849129983440086,-0.4454679049589565
4,single_phase,opxrd,mae_b,3.4137126784335914,3.3379495909383188,0.07576308749527261
4,single_phase,opxrd,mape_b_med,21.9339896131012,19.62586546511597,2.308124147985229
4,single_phase,opxrd,mae_c,4.97548207720889,4.631896040094585,0.3435860371143056
4,single_phase,opxrd,mape_c_med,25.904918847955564,23.59427680973483,2.3106420382207347
4,single_phase,opxrd,mae_ang,4.742567537491779,4.762061811363962,-0.01949427387218261
4,single_phase,opxrd,mae_vol,984.9494716845061,925.1964624505295,59.75300923397663
4,single_phase,opxrd,mape_vol_med,39.143150329589844,38.959794998168945,0.18335533142089844
4,multiphase_diagnostic,combined,sys_acc,0.8648648648648649,0.9864864864864865,-0.1216216216216216
4,multiphase_diagnostic,combined,sg_acc,0.272,0.736,-0.46399999999999997
4,multiphase_diagnostic,combined,sg_top5,0.304,0.832,-0.528
4,multiphase_diagnostic,combined,el_f1_micro,0.0,0.7573415765069552,-0.7573415765069552
4,multiphase_diagnostic,combined,el_exact,0.0,0.5948275862068966,-0.5948275862068966
4,multiphase_diagnostic,combined,mae_a,2.282176184373431,0.15446108309806994,2.127715101275361
4,multiphase_diagnostic,combined,mae_a_med,1.9125441099358742,0.10198045119331489,1.8105636587425593
4,multiphase_diagnostic,combined,mape_a_med,52.83271062340382,2.813252120343216,50.019458503060605
4,multiphase_diagnostic,combined,mae_b,2.6888411822680762,0.22559601646904617,2.46324516579903
4,multiphase_diagnostic,combined,mape_b_med,61.308852252054095,3.1034032341914086,58.20544901786268
4,multiphase_diagnostic,combined,mae_c,5.188853191281809,0.2177386472784122,4.971114544003397
4,multiphase_diagnostic,combined,mape_c_med,123.71746290152512,4.146436673759748,119.57102622776537
4,multiphase_diagnostic,combined,mae_ang,4.382251242115137,1.2414469193491187,3.1408043227660185
4,multiphase_diagnostic,combined,mae_vol,289.1671266813536,6.020766052039894,283.1463606293137
4,multiphase_diagnostic,combined,mape_vol_med,420.0320129394531,5.155458927154541,414.8765540122986
4,multiphase_diagnostic,opxrd,sys_acc,0.8648648648648649,0.9864864864864865,-0.1216216216216216
4,multiphase_diagnostic,opxrd,sg_acc,0.272,0.736,-0.46399999999999997
4,multiphase_diagnostic,opxrd,sg_top5,0.304,0.832,-0.528
4,multiphase_diagnostic,opxrd,el_f1_micro,0.0,0.7573415765069552,-0.7573415765069552
4,multiphase_diagnostic,opxrd,el_exact,0.0,0.5948275862068966,-0.5948275862068966
4,multiphase_diagnostic,opxrd,mae_a,2.282176184373431,0.15446108309806994,2.127715101275361
4,multiphase_diagnostic,opxrd,mae_a_med,1.9125441099358742,0.10198045119331489,1.8105636587425593
4,multiphase_diagnostic,opxrd,mape_a_med,52.83271062340382,2.813252120343216,50.019458503060605
4,multiphase_diagnostic,opxrd,mae_b,2.6888411822680762,0.22559601646904617,2.46324516579903
4,multiphase_diagnostic,opxrd,mape_b_med,61.308852252054095,3.1034032341914086,58.20544901786268
4,multiphase_diagnostic,opxrd,mae_c,5.188853191281809,0.2177386472784122,4.971114544003397
4,multiphase_diagnostic,opxrd,mape_c_med,123.71746290152512,4.146436673759748,119.57102622776537
4,multiphase_diagnostic,opxrd,mae_ang,4.382251242115137,1.2414469193491187,3.1408043227660185
4,multiphase_diagnostic,opxrd,mae_vol,289.1671266813536,6.020766052039894,283.1463606293137
4,multiphase_diagnostic,opxrd,mape_vol_med,420.0320129394531,5.155458927154541,414.8765540122986
5,single_phase,combined,sys_acc,0.5804480651731161,0.570264765784114,0.010183299389002087
5,single_phase,combined,sg_acc,0.4182692307692308,0.39903846153846156,0.019230769230769218
5,single_phase,combined,sg_top5,0.6538461538461539,0.6490384615384616,0.004807692307692291
5,single_phase,combined,el_f1_micro,0.5362453531598513,0.5209380234505863,0.015307329709265072
5,single_phase,combined,el_exact,0.018518518518518517,0.022222222222222223,-0.0037037037037037056
5,single_phase,combined,mae_a,2.837559429371691,2.946059073279072,-0.10849964390738132
5,single_phase,combined,mae_a_med,1.9112612488754834,2.036120501858586,-0.12485925298310274
5,single_phase,combined,mape_a_med,25.737622209451338,27.389607310310396,-1.6519851008590578
5,single_phase,combined,mae_b,2.8312709803739438,2.9487281281308935,-0.11745714775694971
5,single_phase,combined,mape_b_med,24.099342119747124,24.54761503033967,-0.4482729105925465
5,single_phase,combined,mae_c,4.055077057354755,4.17516779202524,-0.1200907346704847
5,single_phase,combined,mape_c_med,25.518542656146266,27.17124943319429,-1.6527067770480244
5,single_phase,combined,mae_ang,5.235358322815625,5.258681112666643,-0.023322789851018655
5,single_phase,combined,mae_vol,741.5789484062973,777.6069688913774,-36.028020485080106
5,single_phase,combined,mape_vol_med,40.62215614318848,42.10270309448242,-1.4805469512939453
5,single_phase,rruff,sys_acc,0.539622641509434,0.5245283018867924,0.015094339622641506
5,single_phase,rruff,sg_acc,0.4182692307692308,0.39903846153846156,0.019230769230769218
5,single_phase,rruff,sg_top5,0.6538461538461539,0.6490384615384616,0.004807692307692291
5,single_phase,rruff,el_f1_micro,0.5362453531598513,0.5209380234505863,0.015307329709265072
5,single_phase,rruff,el_exact,0.018518518518518517,0.022222222222222223,-0.0037037037037037056
5,single_phase,rruff,mae_a,2.8767790042854013,2.9227503795639023,-0.045971375278500926
5,single_phase,rruff,mae_a_med,1.9982826976045684,2.008951200480674,-0.010668502876105546
5,single_phase,rruff,mape_a_med,26.353626877205564,26.714796572597173,-0.3611696953916095
5,single_phase,rruff,mae_b,2.507394424866421,2.5619247409867434,-0.05453031612032255
5,single_phase,rruff,mape_b_med,22.029943213184886,20.94116548613367,1.088777727051216
5,single_phase,rruff,mae_c,4.071285112227555,4.179416919323528,-0.10813180709597336
5,single_phase,rruff,mape_c_med,26.39352148730702,29.240670407805926,-2.847148920498906
5,single_phase,rruff,mae_ang,5.6522047718485044,5.627898821822698,0.02430595002580649
5,single_phase,rruff,mae_vol,627.883067665678,631.8417622970812,-3.9586946314032048
5,single_phase,rruff,mape_vol_med,42.25746726989746,43.34633445739746,-1.0888671875
5,single_phase,opxrd,sys_acc,0.6283185840707964,0.6238938053097345,0.004424778761061954
5,single_phase,opxrd,mae_a,2.7917454126583308,2.973286927884403,-0.1815415152260722
5,single_phase,opxrd,mae_a_med,1.7364684961877193,2.0702792850285614,-0.33381078884084214
5,single_phase,opxrd,mape_a_med,24.856776144576784,27.64435913736768,-2.7875829927908953
5,single_phase,opxrd,mae_b,3.2096046558340583,3.400569252936449,-0.19096459710239078
5,single_phase,opxrd,mape_b_med,25.439947186155273,27.309821293883857,-1.8698741077285845
5,single_phase,opxrd,mae_c,4.036143754317503,4.170204209694496,-0.13406045537699285
5,single_phase,opxrd,mape_c_med,24.53723540063206,26.69390529477889,-2.1566698941468303
5,single_phase,opxrd,mae_ang,4.748422647839162,4.827382549758687,-0.07895990191952507
5,single_phase,opxrd,mae_vol,874.3918356431269,947.8813695148029,-73.48953387167603
5,single_phase,opxrd,mape_vol_med,38.81550598144531,40.12569046020508,-1.3101844787597656
5,multiphase_diagnostic,combined,sys_acc,0.9361702127659575,1.0,-0.06382978723404253
5,multiphase_diagnostic,combined,sg_acc,0.17567567567567569,0.8108108108108109,-0.6351351351351352
5,multiphase_diagnostic,combined,sg_top5,0.25675675675675674,1.0,-0.7432432432432432
5,multiphase_diagnostic,combined,el_f1_micro,0.00894187779433681,0.7570900123304561,-0.7481481345361193
5,multiphase_diagnostic,combined,el_exact,0.0,0.39473684210526316,-0.39473684210526316
5,multiphase_diagnostic,combined,mae_a,0.9239039460474704,0.06706563473520841,0.856838311312262
5,multiphase_diagnostic,combined,mae_a_med,0.853773122054966,0.05744898119464992,0.7963241408603161
5,multiphase_diagnostic,combined,mape_a_med,23.78330644525049,1.5987359980422275,22.184570447208262
5,multiphase_diagnostic,combined,mae_b,1.0655687543067982,0.07791526619656024,0.987653488110238
5,multiphase_diagnostic,combined,mape_b_med,28.762897497503392,1.5165246966601549,27.246372800843236
5,multiphase_diagnostic,combined,mae_c,2.739333029909146,0.1473515599509505,2.5919814699581956
5,multiphase_diagnostic,combined,mape_c_med,76.90792138454059,3.5644901897281773,73.34343119481241
5,multiphase_diagnostic,combined,mae_ang,9.107535874019103,0.8353696183734597,8.272166255645644
5,multiphase_diagnostic,combined,mae_vol,70.12556514334172,2.97386737579995,67.15169776754176
5,multiphase_diagnostic,combined,mape_vol_med,136.41917419433594,4.7063679695129395,131.712806224823
5,multiphase_diagnostic,opxrd,sys_acc,0.9361702127659575,1.0,-0.06382978723404253
5,multiphase_diagnostic,opxrd,sg_acc,0.17567567567567569,0.8108108108108109,-0.6351351351351352
5,multiphase_diagnostic,opxrd,sg_top5,0.25675675675675674,1.0,-0.7432432432432432
5,multiphase_diagnostic,opxrd,el_f1_micro,0.00894187779433681,0.7570900123304561,-0.7481481345361193
5,multiphase_diagnostic,opxrd,el_exact,0.0,0.39473684210526316,-0.39473684210526316
5,multiphase_diagnostic,opxrd,mae_a,0.9239039460474704,0.06706563473520841,0.856838311312262
5,multiphase_diagnostic,opxrd,mae_a_med,0.853773122054966,0.05744898119464992,0.7963241408603161
5,multiphase_diagnostic,opxrd,mape_a_med,23.78330644525049,1.5987359980422275,22.184570447208262
5,multiphase_diagnostic,opxrd,mae_b,1.0655687543067982,0.07791526619656024,0.987653488110238
5,multiphase_diagnostic,opxrd,mape_b_med,28.762897497503392,1.5165246966601549,27.246372800843236
5,multiphase_diagnostic,opxrd,mae_c,2.739333029909146,0.1473515599509505,2.5919814699581956
5,multiphase_diagnostic,opxrd,mape_c_med,76.90792138454059,3.5644901897281773,73.34343119481241
5,multiphase_diagnostic,opxrd,mae_ang,9.107535874019103,0.8353696183734597,8.272166255645644
5,multiphase_diagnostic,opxrd,mae_vol,70.12556514334172,2.97386737579995,67.15169776754176
5,multiphase_diagnostic,opxrd,mape_vol_med,136.41917419433594,4.7063679695129395,131.712806224823
