fold,arm,candidate,best_reference_epoch,best_steps,el_threshold,inner_score,train_rows,reference_train_rows,n,sg_n,sg_acc,sg_top5,sys_n,sys_acc,lat_n,mae_a,mae_b,mae_c,mae_ang,mae_vol,mae_a_med,mape_a_med,mape_b_med,mape_c_med,mape_vol_med,el_n,el_f1_micro,el_exact
1,all_real_control,head_only,19,646,0.3,1.2402415280715269,2163,2163,443,211,0.36492890995260663,0.6540284360189573,439,0.6104783599088838,434,2.5704493891462734,2.916764536211396,3.99093529347229,5.250144630198088,710.3390534923923,1.799614067817993,23.33252876214639,23.578884864159335,26.885719818836634,46.37874984741211,245,0.5173169662428759,0.004081632653061225
1,all_real_control,conservative,26,884,0.2,1.1965113830980842,2163,2163,443,211,0.3933649289099526,0.6587677725118484,439,0.5831435079726651,434,2.7232592653667202,2.9091610604072313,4.043462942712782,5.198329997343627,696.9301987133817,1.9380045694573536,25.637685535311213,22.138269308567903,30.22912477381486,45.241621017456055,245,0.49212303075768943,0.004081632653061225
1,all_real_control,balanced,20,680,0.3,1.2401929921304309,2163,2163,443,211,0.3933649289099526,0.6540284360189573,439,0.6127562642369021,434,2.5813768883182995,2.873474410070437,3.9301272800499962,5.293753081177044,674.4013327936972,1.8307112456756904,23.304504318332732,22.78667915020872,28.553749845560198,40.44838333129883,245,0.502191060473269,0.0163265306122449
1,all_real_control,stronger,9,306,0.3,1.2489157334256427,2163,2163,443,211,0.41232227488151657,0.6635071090047393,439,0.6059225512528473,434,2.584514660403125,2.8345394659791063,3.9811434175723748,5.28843785507299,677.5863864652572,1.8469450909263205,23.97691150442838,22.447699928564642,29.217140369076503,41.02755355834961,245,0.5059497576024681,0.012244897959183673
1,single_phase_only,head_only,27,918,0.3,1.2643053708102963,1481,2163,443,211,0.35545023696682465,0.6587677725118484,439,0.6264236902050114,434,2.5551322941372545,2.87698648863626,3.9450995728730134,5.344962411346888,730.9404928673248,1.776105112869669,22.41649092988982,22.950092436451843,26.782370186104394,45.53570556640625,245,0.5301204819277109,0.004081632653061225
1,single_phase_only,conservative,28,952,0.2,1.2356723021043208,1481,2163,443,211,0.3981042654028436,0.6635071090047393,439,0.6059225512528473,434,2.68542844667882,2.852398936607353,3.968331409294473,5.181010708160709,684.8043804344494,1.9567198601914586,24.803858969416858,21.583917001627874,29.514331907023156,42.068620681762695,245,0.5027124773960217,0.0
1,single_phase_only,balanced,16,544,0.3,1.2713759402755636,1481,2163,443,211,0.4028436018957346,0.6682464454976303,439,0.621867881548975,434,2.573167536093702,2.8234807698420936,3.9058431050804914,5.301470880014972,670.2159048950617,1.8403512962756294,23.937596180605894,22.594003082202384,27.446976247550964,39.94312858581543,245,0.5157124408092983,0.004081632653061225
1,single_phase_only,stronger,10,340,0.3,1.2770442940600766,1481,2163,443,211,0.4028436018957346,0.6682464454976303,439,0.621867881548975,434,2.5099351859487733,2.800085825435831,3.8336533465851637,5.3483251983083315,672.9428870996572,1.7733064176443056,23.347298040706946,22.226816147987577,25.656233361318392,40.099599838256836,245,0.519156263452432,0.00816326530612245
2,all_real_control,head_only,18,630,0.3,1.2925367349002612,2217,2217,448,206,0.47572815533980584,0.7330097087378641,447,0.5794183445190156,440,3.116478197357353,2.83029643172544,3.7959389446720335,5.159272028015605,1035.6313948717984,1.7747638321212125,22.781436897110307,21.27213893032787,26.188459150921574,42.81472206115723,245,0.5510112359550561,0.012244897959183673
2,all_real_control,conservative,25,875,0.3,1.2876208335072465,2217,2217,448,206,0.5097087378640777,0.7233009708737864,447,0.5838926174496645,440,3.286747536735103,2.9414971469011695,3.905961607610654,5.087903931259243,1067.068224143982,1.831792898568219,24.952704815768065,20.366934289246117,26.912179180305813,42.03248977661133,245,0.5341440598690365,0.0326530612244898
2,all_real_control,balanced,17,595,0.3,1.3202775498076822,2217,2217,448,206,0.5194174757281553,0.7233009708737864,447,0.5950782997762863,440,3.132158848488681,2.832064307381005,3.8116030475940015,5.044226985663829,1032.2013194084168,1.7639198516143901,23.16961257689114,20.294167556337626,26.34981835058999,42.67611885070801,245,0.5421577515865821,0.012244897959183673
2,all_real_control,stronger,10,350,0.4,1.3175678925579049,2217,2217,448,206,0.5,0.7184466019417476,447,0.5928411633109619,440,3.10613647002531,2.826655141535891,3.753370335208498,5.0195552933654906,1027.2968867735428,1.7440390569366988,22.941901710168437,20.334686672476558,26.42771993239497,42.573822021484375,245,0.5508130081300814,0.02857142857142857
2,single_phase_only,head_only,11,385,0.4,1.3152762937422338,1489,2217,448,206,0.47572815533980584,0.7281553398058253,447,0.5928411633109619,440,3.1818740691127223,2.8221140979409625,3.8653144335604743,5.105600838703264,1049.8788227167997,1.8600363781761207,24.2744575522283,20.77880542226507,27.058199124581506,45.352394104003906,245,0.563737938039614,0.02040816326530612
2,single_phase_only,conservative,27,945,0.3,1.3205988306326153,1489,2217,448,206,0.5194174757281553,0.7233009708737864,447,0.5861297539149888,440,3.248434612980993,2.8802786773327425,3.8498587378395577,5.096406092681646,1055.6598696101796,1.8598049360932787,25.006577521796927,20.044820296452293,26.76002376788521,42.162960052490234,245,0.5582849486377848,0.0163265306122449
2,single_phase_only,balanced,17,595,0.3,1.3369753125900676,1489,2217,448,206,0.5,0.7427184466019418,447,0.5950782997762863,440,3.131701710595166,2.824947377579747,3.757105933308399,5.100818485076675,1038.263053226471,1.7548441062103821,22.937699143799755,20.275200329306195,25.706941776409494,42.58980369567871,245,0.5648188563945875,0.012244897959183673
2,single_phase_only,stronger,13,455,0.5,1.3204672205758363,1489,2217,448,206,0.48058252427184467,0.7233009708737864,447,0.5906040268456376,440,3.042250337086782,2.871904210223181,3.7090172393243317,5.333287742918779,1035.8521720799533,1.6794481568536375,21.27768395758107,20.157110066538337,25.756615324041636,40.5595588684082,245,0.5675249605885445,0.00816326530612245
3,all_real_control,head_only,14,490,0.2,1.2240629457867895,2188,2188,454,226,0.37610619469026546,0.7168141592920354,452,0.5796460176991151,449,3.0679908075512494,2.8773389008392622,3.8611110763470946,5.3950853582221425,653.1991345038127,2.1734326585881942,26.71722403762456,24.206991499199095,24.585885942380408,49.549251556396484,262,0.5384615384615384,0.011450381679389313
3,all_real_control,conservative,23,805,0.2,1.187491627521291,2188,2188,454,226,0.38495575221238937,0.7345132743362832,452,0.5420353982300885,449,3.166216879577635,2.993621120859043,3.9729503060870983,5.2228093587323645,679.6025658078607,2.440304961542365,28.79812227316661,23.92531703939131,26.985733617662415,51.70029067993164,262,0.532117065754466,0.011450381679389313
3,all_real_control,balanced,21,735,0.3,1.1856942304844158,2188,2188,454,226,0.40707964601769914,0.7123893805309734,452,0.5199115044247787,449,3.131979264777146,2.8847453721264955,3.943846315961814,5.307555976501028,655.8216429882432,2.330179254938173,27.730580163617226,22.58012310252846,26.311814260877536,52.33094787597656,262,0.5468956406869221,0.022900763358778626
3,all_real_control,stronger,16,560,0.3,1.2087479109652726,2188,2188,454,226,0.3893805309734513,0.7212389380530974,452,0.5442477876106194,449,3.152082137986752,2.8848842266778774,3.983298246285213,5.548718618304823,640.3551474828232,2.122278385494795,26.54853248652596,24.482313081569462,25.42396967304847,50.69000244140625,262,0.5580786026200873,0.003816793893129771
3,single_phase_only,head_only,12,420,0.3,1.2303049681282483,1456,2188,454,226,0.37168141592920356,0.6991150442477876,452,0.5730088495575221,449,3.106709061849797,2.8888635242751883,3.8888772672173677,5.397669242627374,655.6099282925272,2.185954895629809,27.51301889892106,24.79662015333591,24.48428721425466,48.86811447143555,262,0.5599654874892148,0.011450381679389313
3,single_phase_only,conservative,16,560,0.2,1.2161347691416453,1456,2188,454,226,0.3938053097345133,0.7212389380530974,452,0.5464601769911505,449,3.157982695334036,2.9624495841998413,3.984851010005971,5.257701658428903,668.8008508491091,2.3401125787262655,29.136292274725523,23.70065465310061,27.136032780455054,53.236175537109375,262,0.555515370705244,0.022900763358778626
3,single_phase_only,balanced,24,840,0.3,1.1967295422817446,1456,2188,454,226,0.3893805309734513,0.7212389380530974,452,0.5309734513274337,449,3.151565723269823,2.85018322454314,4.028772273391517,5.530694206026773,641.2660672500033,2.2606358845952474,27.754034950533892,23.8402570444288,26.8089796828911,51.61088943481445,262,0.5589482612383376,0.011450381679389313
3,single_phase_only,stronger,12,420,0.3,1.1967360725252962,1456,2188,454,226,0.3805309734513274,0.7123893805309734,452,0.5464601769911505,449,3.1765526651979465,2.919770824845887,4.033349635339665,5.604554333268925,639.470487853732,2.164666966165947,28.416605049956072,24.330963489437586,25.550515400947152,51.55614471435547,262,0.5528317836010144,0.0
4,all_real_control,head_only,17,612,0.3,1.3234390810027967,2251,2251,450,197,0.4517766497461929,0.6802030456852792,444,0.6171171171171171,438,2.7682859012107097,2.8995179911370164,3.7324885011382527,5.239100152659531,817.6880502657259,1.7862217784605583,23.12503350148566,22.45538239311025,26.78300132341002,39.63490104675293,253,0.5535791757049893,0.003952569169960474
4,all_real_control,conservative,26,936,0.3,1.2873578426660497,2251,2251,450,197,0.45685279187817257,0.7411167512690355,444,0.5855855855855856,438,2.8728769251529456,2.953092615470397,3.817924689850767,5.20829781746027,825.1804902324938,1.8330283038183885,24.490711826359465,22.00390792455039,28.792022475416914,41.57802963256836,253,0.5358764759309719,0.003952569169960474
4,all_real_control,balanced,15,540,0.3,1.3130754731662462,2251,2251,450,197,0.4517766497461929,0.7157360406091371,444,0.6036036036036037,438,2.780015831619248,2.9216362441544135,3.74157005798001,5.202642704689503,812.0775394091323,1.7308626540636132,22.411260842796274,21.647143467076674,27.04058545256753,38.27128219604492,253,0.547703180212014,0.0
4,all_real_control,stronger,22,792,0.2,1.3320769337716676,2251,2251,450,197,0.4416243654822335,0.6751269035532995,444,0.6261261261261262,438,2.7318512831778956,2.8110548051099555,3.4443012504102164,5.46296068850736,770.2162330575185,1.6509312853969855,22.001667910937165,21.05961850515682,22.043666937790974,35.154855728149414,253,0.5622086769451416,0.011857707509881422
4,single_phase_only,head_only,16,576,0.3,1.3324450105306151,1494,2251,450,197,0.4263959390862944,0.6852791878172588,444,0.6261261261261262,438,2.7660256713437397,2.9040937702770395,3.644624094583509,5.3339210221796955,806.6369658518055,1.843493904885984,23.630948310799237,21.8880808843388,25.919049091163174,40.591535568237305,253,0.5667808219178081,0.003952569169960474
4,single_phase_only,conservative,21,756,0.3,1.3046110519284235,1494,2251,450,197,0.45685279187817257,0.7360406091370558,444,0.5833333333333334,438,2.8526321680316156,2.953022239170456,3.745002685980217,5.19678048738252,816.6752753671445,1.8929660678670464,24.639452586026934,23.296553640539738,27.567199575225374,40.18962287902832,253,0.5554083885209713,0.003952569169960474
4,single_phase_only,balanced,17,612,0.3,1.336102913467706,1494,2251,450,197,0.4467005076142132,0.7055837563451777,444,0.6171171171171171,438,2.774299192960665,2.922447235456737,3.63995429966179,5.260960934863994,797.0548048759704,1.7432042674234647,22.66854621462069,22.435124510907038,25.348858662116733,37.37783241271973,253,0.5631737818025011,0.007905138339920948
4,single_phase_only,stronger,11,396,0.3,1.3367853846234001,1494,2251,450,197,0.4416243654822335,0.700507614213198,444,0.6148648648648649,438,2.7062831194125816,2.858768532536207,3.568879882482218,5.305191494666581,776.0042914037836,1.7187299178995308,21.72765072045286,22.032269564154824,22.716120168519105,38.4598445892334,253,0.5673994193280797,0.019762845849802372
5,all_real_control,head_only,16,544,0.3,1.270538937802533,2122,2122,428,207,0.463768115942029,0.7198067632850241,423,0.5460992907801419,416,2.835790913736166,2.5135261966104356,3.2070538970555216,5.486647506755785,563.4405242479764,1.8769285582863593,24.16562099199424,19.961827692463334,24.01020628153487,37.235029220581055,239,0.5641263940520447,0.02510460251046025
5,all_real_control,conservative,24,816,0.3,1.2789596230051525,2122,2122,428,207,0.4782608695652174,0.7439613526570048,423,0.5673758865248227,416,2.9833728939420068,2.5089625569773566,3.248800109959174,5.491146861198753,620.3547419217916,1.9799410517337317,24.718864378151153,19.257286877357974,24.879002703786256,40.178016662597656,239,0.5454545454545454,0.008368200836820083
5,all_real_control,balanced,16,544,0.3,1.3238906224098166,2122,2122,428,207,0.5072463768115942,0.7391304347826086,423,0.5839243498817966,416,2.9047705541451276,2.4620039117094064,3.2859979681730915,5.601226313896893,629.8803582099767,1.9527313170114686,23.982980742033057,18.513256147170082,23.957791222364943,38.74276351928711,239,0.5588235294117647,0.0041841004184100415
5,all_real_control,stronger,13,442,0.4,1.317298527164237,2122,2122,428,207,0.4927536231884058,0.7294685990338164,423,0.5839243498817966,416,2.826533697338453,2.467953768082226,3.3610920270370346,5.827154960164696,652.7964423711484,1.8530831206117426,22.72736313100635,17.99354917378195,23.903486292586777,36.84390640258789,239,0.5625,0.016736401673640166
5,single_phase_only,head_only,15,510,0.4,1.2903352986024632,1481,2122,428,207,0.46859903381642515,0.7101449275362319,423,0.5437352245862884,416,2.8250617779163703,2.458779359147544,3.1815207402289336,5.530436284895304,546.8981612095466,1.8511818312738737,24.85457620017897,18.87761516667299,23.11559934140405,36.10343360900879,239,0.5866261398176291,0.02510460251046025
5,single_phase_only,conservative,18,612,0.3,1.3082749551188613,1481,2122,428,207,0.4975845410628019,0.748792270531401,423,0.5673758865248227,416,3.00127934170206,2.5153315729272423,3.257037561126749,5.459981904300833,625.4747468324808,2.070563835641418,25.302662364593893,18.901154909363886,25.22677878814285,40.20852279663086,239,0.5641723356009071,0.0
5,single_phase_only,balanced,20,680,0.3,1.324696607508574,1481,2122,428,207,0.47342995169082125,0.7342995169082126,423,0.5862884160756501,416,2.9273167604641945,2.527739746890858,3.2237517680207235,5.635755374173768,662.6698552186673,1.8729646310652752,23.938430722211464,20.48744786134521,23.39031492820623,39.12906837463379,239,0.5771992818671455,0.0041841004184100415
5,single_phase_only,stronger,10,340,0.4,1.3412279287338569,1481,2122,428,207,0.4830917874396135,0.7294685990338164,423,0.5910165484633569,416,2.8915836772972066,2.5618335269033565,3.1700957614069614,5.58186070584838,655.665320781561,1.8881918107057198,23.93117565881645,20.873701443225922,22.345104577368346,38.454097747802734,239,0.5825147347740669,0.016736401673640166
