arm,eval_set,scope,metric,mean,std,folds
all_real_control,multiphase_diagnostic,combined,sys_acc,0.9897501274859766,0.008594332629385904,5
all_real_control,multiphase_diagnostic,combined,sg_acc,0.5207411575959522,0.21392399768242365,5
all_real_control,multiphase_diagnostic,combined,sg_top5,0.7196054794520548,0.23398081410276997,5
all_real_control,multiphase_diagnostic,combined,el_f1_micro,0.5659668456743059,0.19673981517046127,5
all_real_control,multiphase_diagnostic,combined,el_exact,0.4293631389995108,0.11905883375346521,5
all_real_control,multiphase_diagnostic,combined,mae_a,0.11572133216605536,0.03247096746502931,5
all_real_control,multiphase_diagnostic,combined,mae_a_med,0.08097335715736328,0.02198388927382608,5
all_real_control,multiphase_diagnostic,combined,mape_a_med,2.241010120980251,0.5950029161188676,5
all_real_control,multiphase_diagnostic,combined,mae_b,0.21519614797966993,0.10727551995613693,5
all_real_control,multiphase_diagnostic,combined,mape_b_med,3.129994548065375,1.0105496314957831,5
all_real_control,multiphase_diagnostic,combined,mae_c,0.1930918089826037,0.032407901034758844,5
all_real_control,multiphase_diagnostic,combined,mape_c_med,3.5217563921439776,0.7494474495679033,5
all_real_control,multiphase_diagnostic,combined,mae_ang,0.9739450540707193,0.17007399172310397,5
all_real_control,multiphase_diagnostic,combined,mae_vol,7.698839311006731,4.363653457004042,5
all_real_control,multiphase_diagnostic,combined,mape_vol_med,7.010557508468628,1.857651084201491,5
all_real_control,multiphase_diagnostic,opxrd,sys_acc,0.9897501274859766,0.008594332629385904,5
all_real_control,multiphase_diagnostic,opxrd,sg_acc,0.5207411575959522,0.21392399768242365,5
all_real_control,multiphase_diagnostic,opxrd,sg_top5,0.7196054794520548,0.23398081410276997,5
all_real_control,multiphase_diagnostic,opxrd,el_f1_micro,0.5659668456743059,0.19673981517046127,5
all_real_control,multiphase_diagnostic,opxrd,el_exact,0.4293631389995108,0.11905883375346521,5
all_real_control,multiphase_diagnostic,opxrd,mae_a,0.11572133216605536,0.03247096746502931,5
all_real_control,multiphase_diagnostic,opxrd,mae_a_med,0.08097335715736328,0.02198388927382608,5
all_real_control,multiphase_diagnostic,opxrd,mape_a_med,2.241010120980251,0.5950029161188676,5
all_real_control,multiphase_diagnostic,opxrd,mae_b,0.21519614797966993,0.10727551995613693,5
all_real_control,multiphase_diagnostic,opxrd,mape_b_med,3.129994548065375,1.0105496314957831,5
all_real_control,multiphase_diagnostic,opxrd,mae_c,0.1930918089826037,0.032407901034758844,5
all_real_control,multiphase_diagnostic,opxrd,mape_c_med,3.5217563921439776,0.7494474495679033,5
all_real_control,multiphase_diagnostic,opxrd,mae_ang,0.9739450540707193,0.17007399172310397,5
all_real_control,multiphase_diagnostic,opxrd,mae_vol,7.698839311006731,4.363653457004042,5
all_real_control,multiphase_diagnostic,opxrd,mape_vol_med,7.010557508468628,1.857651084201491,5
all_real_control,multiphase_diagnostic,rruff,sys_acc,,,0
all_real_control,multiphase_diagnostic,rruff,sg_acc,,,0
all_real_control,multiphase_diagnostic,rruff,sg_top5,,,0
all_real_control,multiphase_diagnostic,rruff,el_f1_micro,,,0
all_real_control,multiphase_diagnostic,rruff,el_exact,,,0
all_real_control,multiphase_diagnostic,rruff,mae_a,,,0
all_real_control,multiphase_diagnostic,rruff,mae_a_med,,,0
all_real_control,multiphase_diagnostic,rruff,mape_a_med,,,0
all_real_control,multiphase_diagnostic,rruff,mae_b,,,0
all_real_control,multiphase_diagnostic,rruff,mape_b_med,,,0
all_real_control,multiphase_diagnostic,rruff,mae_c,,,0
all_real_control,multiphase_diagnostic,rruff,mape_c_med,,,0
all_real_control,multiphase_diagnostic,rruff,mae_ang,,,0
all_real_control,multiphase_diagnostic,rruff,mae_vol,,,0
all_real_control,multiphase_diagnostic,rruff,mape_vol_med,,,0
all_real_control,single_phase,combined,sys_acc,0.5649103694979306,0.0156822297276914,5
all_real_control,single_phase,combined,sg_acc,0.41187279493200857,0.02530392469350567,5
all_real_control,single_phase,combined,sg_top5,0.6760924532060727,0.029115150176391234,5
all_real_control,single_phase,combined,el_f1_micro,0.5242362554475071,0.009503487756984137,5
all_real_control,single_phase,combined,el_exact,0.00812362829510648,0.007191320676365281,5
all_real_control,single_phase,combined,mae_a,3.048718174719433,0.34465915830041294,5
all_real_control,single_phase,combined,mae_a_med,1.918882290518248,0.10281950499687036,5
all_real_control,single_phase,combined,mape_a_med,24.965869192403208,1.5277924037466446,5
all_real_control,single_phase,combined,mae_b,3.088925485465807,0.19012306172750393,5
all_real_control,single_phase,combined,mape_b_med,22.504196067066307,1.3631989822074868,5
all_real_control,single_phase,combined,mae_c,4.030827074101279,0.2602290667626113,5
all_real_control,single_phase,combined,mape_c_med,27.710491964683694,2.6913361750709557,5
all_real_control,single_phase,combined,mae_ang,5.276579494947091,0.24556264332046143,5
all_real_control,single_phase,combined,mae_vol,1275.7092612101264,746.9627069083872,5
all_real_control,single_phase,combined,mape_vol_med,41.19833641052246,3.1889199764933314,5
all_real_control,single_phase,opxrd,sys_acc,0.5664595811324278,0.03415496258522823,5
all_real_control,single_phase,opxrd,sg_acc,,,0
all_real_control,single_phase,opxrd,sg_top5,,,0
all_real_control,single_phase,opxrd,el_f1_micro,,,0
all_real_control,single_phase,opxrd,el_exact,,,0
all_real_control,single_phase,opxrd,mae_a,3.5361599647462376,0.9548171792182774,5
all_real_control,single_phase,opxrd,mae_a_med,2.078747194743294,0.297853067784021,5
all_real_control,single_phase,opxrd,mape_a_med,26.869089316588703,3.5540067903272625,5
all_real_control,single_phase,opxrd,mae_b,3.515291012610304,0.40370767672756885,5
all_real_control,single_phase,opxrd,mape_b_med,24.37851353361375,2.9895043895571414,5
all_real_control,single_phase,opxrd,mae_c,4.70004435330709,0.45834369381862733,5
all_real_control,single_phase,opxrd,mape_c_med,27.320251413639603,2.964731251706265,5
all_real_control,single_phase,opxrd,mae_ang,4.9235044508837635,0.2266225992013767,5
all_real_control,single_phase,opxrd,mae_vol,2271.222419996239,1724.5918446644032,5
all_real_control,single_phase,opxrd,mape_vol_med,43.4986930847168,6.763670056041666,5
all_real_control,single_phase,rruff,sys_acc,0.563626598826938,0.032490689497333594,5
all_real_control,single_phase,rruff,sg_acc,0.41187279493200857,0.02530392469350567,5
all_real_control,single_phase,rruff,sg_top5,0.6760924532060727,0.029115150176391234,5
all_real_control,single_phase,rruff,el_f1_micro,0.5242362554475071,0.009503487756984137,5
all_real_control,single_phase,rruff,el_exact,0.00812362829510648,0.007191320676365281,5
all_real_control,single_phase,rruff,mae_a,2.6548019059313184,0.20187091043426328,5
all_real_control,single_phase,rruff,mae_a_med,1.8648573961280526,0.14622387139047402,5
all_real_control,single_phase,rruff,mape_a_med,23.946572952511143,2.5740802300568033,5
all_real_control,single_phase,rruff,mae_b,2.7461143818295115,0.17803510048945903,5
all_real_control,single_phase,rruff,mape_b_med,21.649995423649663,1.484302674880072,5
all_real_control,single_phase,rruff,mae_c,3.4949089116130145,0.4835879358024238,5
all_real_control,single_phase,rruff,mape_c_med,28.52125858985756,3.4530137617750203,5
all_real_control,single_phase,rruff,mae_ang,5.552854880590308,0.38750521524993325,5
all_real_control,single_phase,rruff,mae_vol,477.65470373607275,99.63443563151422,5
all_real_control,single_phase,rruff,mape_vol_med,40.063927841186526,2.72628639795338,5
single_phase_only,multiphase_diagnostic,combined,sys_acc,0.934600546523469,0.039578624553020275,5
single_phase_only,multiphase_diagnostic,combined,sg_acc,0.1533707515734913,0.08977110868036166,5
single_phase_only,multiphase_diagnostic,combined,sg_top5,0.2646992965568308,0.1920740362667378,5
single_phase_only,multiphase_diagnostic,combined,el_f1_micro,0.023812970505234222,0.029902181067894065,5
single_phase_only,multiphase_diagnostic,combined,el_exact,0.0,0.0,5
single_phase_only,multiphase_diagnostic,combined,mae_a,1.4146123980241885,0.472706382414963,5
single_phase_only,multiphase_diagnostic,combined,mae_a_med,1.175331943431848,0.38089909388131976,5
single_phase_only,multiphase_diagnostic,combined,mape_a_med,32.56145274013444,10.444664744604271,5
single_phase_only,multiphase_diagnostic,combined,mae_b,1.7982195329134747,0.5762397197359923,5
single_phase_only,multiphase_diagnostic,combined,mape_b_med,41.59832586088519,12.260340534400866,5
single_phase_only,multiphase_diagnostic,combined,mae_c,3.296321889019788,1.102297679463986,5
single_phase_only,multiphase_diagnostic,combined,mape_c_med,77.65752733720853,25.367948356576445,5
single_phase_only,multiphase_diagnostic,combined,mae_ang,7.730555387242211,2.2108151384005055,5
single_phase_only,multiphase_diagnostic,combined,mae_vol,143.3794054206418,81.1798293311871,5
single_phase_only,multiphase_diagnostic,combined,mape_vol_med,197.31925888061522,114.28738627543207,5
single_phase_only,multiphase_diagnostic,opxrd,sys_acc,0.934600546523469,0.039578624553020275,5
single_phase_only,multiphase_diagnostic,opxrd,sg_acc,0.1533707515734913,0.08977110868036166,5
single_phase_only,multiphase_diagnostic,opxrd,sg_top5,0.2646992965568308,0.1920740362667378,5
single_phase_only,multiphase_diagnostic,opxrd,el_f1_micro,0.023812970505234222,0.029902181067894065,5
single_phase_only,multiphase_diagnostic,opxrd,el_exact,0.0,0.0,5
single_phase_only,multiphase_diagnostic,opxrd,mae_a,1.4146123980241885,0.472706382414963,5
single_phase_only,multiphase_diagnostic,opxrd,mae_a_med,1.175331943431848,0.38089909388131976,5
single_phase_only,multiphase_diagnostic,opxrd,mape_a_med,32.56145274013444,10.444664744604271,5
single_phase_only,multiphase_diagnostic,opxrd,mae_b,1.7982195329134747,0.5762397197359923,5
single_phase_only,multiphase_diagnostic,opxrd,mape_b_med,41.59832586088519,12.260340534400866,5
single_phase_only,multiphase_diagnostic,opxrd,mae_c,3.296321889019788,1.102297679463986,5
single_phase_only,multiphase_diagnostic,opxrd,mape_c_med,77.65752733720853,25.367948356576445,5
single_phase_only,multiphase_diagnostic,opxrd,mae_ang,7.730555387242211,2.2108151384005055,5
single_phase_only,multiphase_diagnostic,opxrd,mae_vol,143.3794054206418,81.1798293311871,5
single_phase_only,multiphase_diagnostic,opxrd,mape_vol_med,197.31925888061522,114.28738627543207,5
single_phase_only,multiphase_diagnostic,rruff,sys_acc,,,0
single_phase_only,multiphase_diagnostic,rruff,sg_acc,,,0
single_phase_only,multiphase_diagnostic,rruff,sg_top5,,,0
single_phase_only,multiphase_diagnostic,rruff,el_f1_micro,,,0
single_phase_only,multiphase_diagnostic,rruff,el_exact,,,0
single_phase_only,multiphase_diagnostic,rruff,mae_a,,,0
single_phase_only,multiphase_diagnostic,rruff,mae_a_med,,,0
single_phase_only,multiphase_diagnostic,rruff,mape_a_med,,,0
single_phase_only,multiphase_diagnostic,rruff,mae_b,,,0
single_phase_only,multiphase_diagnostic,rruff,mape_b_med,,,0
single_phase_only,multiphase_diagnostic,rruff,mae_c,,,0
single_phase_only,multiphase_diagnostic,rruff,mape_c_med,,,0
single_phase_only,multiphase_diagnostic,rruff,mae_ang,,,0
single_phase_only,multiphase_diagnostic,rruff,mae_vol,,,0
single_phase_only,multiphase_diagnostic,rruff,mape_vol_med,,,0
single_phase_only,single_phase,combined,sys_acc,0.561769860719693,0.02547603131356366,5
single_phase_only,single_phase,combined,sg_acc,0.4202071717815243,0.026801937928231823,5
single_phase_only,single_phase,combined,sg_top5,0.6804004922209294,0.0320725590491968,5
single_phase_only,single_phase,combined,el_f1_micro,0.546523186750963,0.013122024161532372,5
single_phase_only,single_phase,combined,el_exact,0.006647593436718681,0.005935464866474222,5
single_phase_only,single_phase,combined,mae_a,3.0202581203478056,0.3200927958943911,5
single_phase_only,single_phase,combined,mae_a_med,1.9096880657489799,0.041791791635135196,5
single_phase_only,single_phase,combined,mape_a_med,25.086398346379372,0.9226831207164062,5
single_phase_only,single_phase,combined,mae_b,3.0630501622044912,0.18800059827582236,5
single_phase_only,single_phase,combined,mape_b_med,22.936727365081236,1.0625815490438808,5
single_phase_only,single_phase,combined,mae_c,4.0008732015349455,0.279163206709305,5
single_phase_only,single_phase,combined,mape_c_med,27.462252901253102,1.5940202404458084,5
single_phase_only,single_phase,combined,mae_ang,5.231819867418886,0.23052480453900862,5
single_phase_only,single_phase,combined,mae_vol,1269.666441980639,740.8633781522419,5
single_phase_only,single_phase,combined,mape_vol_med,40.17419624328613,2.064894780956751,5
single_phase_only,single_phase,opxrd,sys_acc,0.5541292970082994,0.04606065693026945,5
single_phase_only,single_phase,opxrd,sg_acc,,,0
single_phase_only,single_phase,opxrd,sg_top5,,,0
single_phase_only,single_phase,opxrd,el_f1_micro,,,0
single_phase_only,single_phase,opxrd,el_exact,,,0
single_phase_only,single_phase,opxrd,mae_a,3.4534165933847767,0.928234159201236,5
single_phase_only,single_phase,opxrd,mae_a_med,1.9600215810249222,0.2644306428482918,5
single_phase_only,single_phase,opxrd,mape_a_med,25.62862385316045,2.513496459704261,5
single_phase_only,single_phase,opxrd,mae_b,3.4585355885377935,0.3722312209710446,5
single_phase_only,single_phase,opxrd,mape_b_med,24.579863779990525,2.2616925053291776,5
single_phase_only,single_phase,opxrd,mae_c,4.652558303661989,0.46917960066749836,5
single_phase_only,single_phase,opxrd,mape_c_med,26.350910582953652,2.2128976014599444,5
single_phase_only,single_phase,opxrd,mae_ang,4.885188752405012,0.23840938567313397,5
single_phase_only,single_phase,opxrd,mae_vol,2260.8705296415146,1716.3926151907744,5
single_phase_only,single_phase,opxrd,mape_vol_med,42.182017135620114,7.162013068456494,5
single_phase_only,single_phase,rruff,sys_acc,0.567377570489718,0.0313980793120003,5
single_phase_only,single_phase,rruff,sg_acc,0.4202071717815243,0.026801937928231823,5
single_phase_only,single_phase,rruff,sg_top5,0.6804004922209294,0.0320725590491968,5
single_phase_only,single_phase,rruff,el_f1_micro,0.546523186750963,0.013122024161532372,5
single_phase_only,single_phase,rruff,el_exact,0.006647593436718681,0.005935464866474222,5
single_phase_only,single_phase,rruff,mae_a,2.67050663469949,0.19356194507932387,5
single_phase_only,single_phase,rruff,mae_a_med,1.8902137363438265,0.1621388250079254,5
single_phase_only,single_phase,rruff,mape_a_med,24.313958380015656,1.8442009719708838,5
single_phase_only,single_phase,rruff,mae_b,2.745685737201229,0.2025268739638431,5
single_phase_only,single_phase,rruff,mape_b_med,21.951825503084468,1.7784007806543574,5
single_phase_only,single_phase,rruff,mae_c,3.4821422061159213,0.46398059105911404,5
single_phase_only,single_phase,rruff,mape_c_med,28.243648804346407,2.4160452398356544,5
single_phase_only,single_phase,rruff,mae_ang,5.506572648352562,0.32947092265607136,5
single_phase_only,single_phase,rruff,mae_vol,475.9024322354039,101.38178574303817,5
single_phase_only,single_phase,rruff,mape_vol_med,39.64249458312988,2.274601295706818,5
zero_shot,multiphase_diagnostic,combined,sys_acc,0.35827217364752495,0.13824565140482617,5
zero_shot,multiphase_diagnostic,combined,sg_acc,0.06562458348759719,0.08818889114733909,5
zero_shot,multiphase_diagnostic,combined,sg_top5,0.13702352215228925,0.11861331865854413,5
zero_shot,multiphase_diagnostic,combined,el_f1_micro,0.012503808654394289,0.01338083309447066,5
zero_shot,multiphase_diagnostic,combined,el_exact,0.0,0.0,5
zero_shot,multiphase_diagnostic,combined,mae_a,1.727754157065418,0.24205483537905176,5
zero_shot,multiphase_diagnostic,combined,mae_a_med,1.5115218329628093,0.18626921495718488,5
zero_shot,multiphase_diagnostic,combined,mape_a_med,41.867908203087566,4.988966734009373,5
zero_shot,multiphase_diagnostic,combined,mae_b,2.108830859818389,0.3394430992600885,5
zero_shot,multiphase_diagnostic,combined,mape_b_med,50.755416080423764,7.8693015207771735,5
zero_shot,multiphase_diagnostic,combined,mae_c,2.6353872414114936,0.5101755236511032,5
zero_shot,multiphase_diagnostic,combined,mape_c_med,63.06372099602752,9.709583444359861,5
zero_shot,multiphase_diagnostic,combined,mae_ang,6.024377082729051,0.851253788201071,5
zero_shot,multiphase_diagnostic,combined,mae_vol,125.09250621097333,43.30938724748913,5
zero_shot,multiphase_diagnostic,combined,mape_vol_med,176.52921295166016,46.26417380292293,5
zero_shot,multiphase_diagnostic,opxrd,sys_acc,0.35827217364752495,0.13824565140482617,5
zero_shot,multiphase_diagnostic,opxrd,sg_acc,0.06562458348759719,0.08818889114733909,5
zero_shot,multiphase_diagnostic,opxrd,sg_top5,0.13702352215228925,0.11861331865854413,5
zero_shot,multiphase_diagnostic,opxrd,el_f1_micro,0.012503808654394289,0.01338083309447066,5
zero_shot,multiphase_diagnostic,opxrd,el_exact,0.0,0.0,5
zero_shot,multiphase_diagnostic,opxrd,mae_a,1.727754157065418,0.24205483537905176,5
zero_shot,multiphase_diagnostic,opxrd,mae_a_med,1.5115218329628093,0.18626921495718488,5
zero_shot,multiphase_diagnostic,opxrd,mape_a_med,41.867908203087566,4.988966734009373,5
zero_shot,multiphase_diagnostic,opxrd,mae_b,2.108830859818389,0.3394430992600885,5
zero_shot,multiphase_diagnostic,opxrd,mape_b_med,50.755416080423764,7.8693015207771735,5
zero_shot,multiphase_diagnostic,opxrd,mae_c,2.6353872414114936,0.5101755236511032,5
zero_shot,multiphase_diagnostic,opxrd,mape_c_med,63.06372099602752,9.709583444359861,5
zero_shot,multiphase_diagnostic,opxrd,mae_ang,6.024377082729051,0.851253788201071,5
zero_shot,multiphase_diagnostic,opxrd,mae_vol,125.09250621097333,43.30938724748913,5
zero_shot,multiphase_diagnostic,opxrd,mape_vol_med,176.52921295166016,46.26417380292293,5
zero_shot,multiphase_diagnostic,rruff,sys_acc,,,0
zero_shot,multiphase_diagnostic,rruff,sg_acc,,,0
zero_shot,multiphase_diagnostic,rruff,sg_top5,,,0
zero_shot,multiphase_diagnostic,rruff,el_f1_micro,,,0
zero_shot,multiphase_diagnostic,rruff,el_exact,,,0
zero_shot,multiphase_diagnostic,rruff,mae_a,,,0
zero_shot,multiphase_diagnostic,rruff,mae_a_med,,,0
zero_shot,multiphase_diagnostic,rruff,mape_a_med,,,0
zero_shot,multiphase_diagnostic,rruff,mae_b,,,0
zero_shot,multiphase_diagnostic,rruff,mape_b_med,,,0
zero_shot,multiphase_diagnostic,rruff,mae_c,,,0
zero_shot,multiphase_diagnostic,rruff,mape_c_med,,,0
zero_shot,multiphase_diagnostic,rruff,mae_ang,,,0
zero_shot,multiphase_diagnostic,rruff,mae_vol,,,0
zero_shot,multiphase_diagnostic,rruff,mape_vol_med,,,0
zero_shot,single_phase,combined,sys_acc,0.34683727920834384,0.028120289060259138,5
zero_shot,single_phase,combined,sg_acc,0.22752163705143963,0.041471725469281844,5
zero_shot,single_phase,combined,sg_top5,0.5284410169952956,0.0519132279047868,5
zero_shot,single_phase,combined,el_f1_micro,0.2427141416739728,0.021613211590700288,5
zero_shot,single_phase,combined,el_exact,0.002949316257868461,0.0043028236072673726,5
zero_shot,single_phase,combined,mae_a,3.695069295629684,0.2968925836299243,5
zero_shot,single_phase,combined,mae_a_med,2.3806469209203955,0.1618937532441027,5
zero_shot,single_phase,combined,mape_a_med,31.442961440258237,1.6585457256478677,5
zero_shot,single_phase,combined,mae_b,3.6510818627246673,0.16533440694765741,5
zero_shot,single_phase,combined,mape_b_med,28.42526376377714,0.9898088666411687,5
zero_shot,single_phase,combined,mae_c,4.5138863435522465,0.21091137555557848,5
zero_shot,single_phase,combined,mape_c_med,34.52313202876444,1.2734596936947828,5
zero_shot,single_phase,combined,mae_ang,6.032269980546699,0.23595668477333995,5
zero_shot,single_phase,combined,mae_vol,1426.2279487272313,725.6037469958998,5
zero_shot,single_phase,combined,mape_vol_med,51.33083038330078,1.7265235028585875,5
zero_shot,single_phase,opxrd,sys_acc,0.2751253847749962,0.016693666070006594,5
zero_shot,single_phase,opxrd,sg_acc,,,0
zero_shot,single_phase,opxrd,sg_top5,,,0
zero_shot,single_phase,opxrd,el_f1_micro,,,0
zero_shot,single_phase,opxrd,el_exact,,,0
zero_shot,single_phase,opxrd,mae_a,4.643948130477152,0.8714330353664895,5
zero_shot,single_phase,opxrd,mae_a_med,2.875755102747235,0.15707865564380025,5
zero_shot,single_phase,opxrd,mape_a_med,38.89331145471706,3.852037908322616,5
zero_shot,single_phase,opxrd,mae_b,4.414012718057476,0.3935011658671318,5
zero_shot,single_phase,opxrd,mape_b_med,32.63303072470519,2.5239545099918717,5
zero_shot,single_phase,opxrd,mae_c,5.206920327204479,0.28098527685096875,5
zero_shot,single_phase,opxrd,mape_c_med,31.851259065505758,2.659534958048207,5
zero_shot,single_phase,opxrd,mae_ang,5.655816058048942,0.3282766146070323,5
zero_shot,single_phase,opxrd,mae_vol,2574.832458056179,1691.969039609978,5
zero_shot,single_phase,opxrd,mape_vol_med,62.23977355957031,7.518305276358771,5
zero_shot,single_phase,rruff,sys_acc,0.4033184933926931,0.03873210972035461,5
zero_shot,single_phase,rruff,sg_acc,0.22752163705143963,0.041471725469281844,5
zero_shot,single_phase,rruff,sg_top5,0.5284410169952956,0.0519132279047868,5
zero_shot,single_phase,rruff,el_f1_micro,0.2427141416739728,0.021613211590700288,5
zero_shot,single_phase,rruff,el_exact,0.002949316257868461,0.0043028236072673726,5
zero_shot,single_phase,rruff,mae_a,2.9280818991077804,0.21382727954528047,5
zero_shot,single_phase,rruff,mae_a_med,2.104272075880929,0.21012449186324506,5
zero_shot,single_phase,rruff,mape_a_med,26.830126116332714,1.4897871413861716,5
zero_shot,single_phase,rruff,mae_b,3.0423336089449124,0.18975773268493518,5
zero_shot,single_phase,rruff,mape_b_med,25.97511030602348,1.3118735767309824,5
zero_shot,single_phase,rruff,mae_c,3.9620947553628696,0.39332083360080455,5
zero_shot,single_phase,rruff,mape_c_med,36.80377734573348,0.8245454384187539,5
zero_shot,single_phase,rruff,mae_ang,6.336459193198644,0.2759019494121312,5
zero_shot,single_phase,rruff,mae_vol,506.24982037174925,109.27945076304506,5
zero_shot,single_phase,rruff,mape_vol_med,43.864653778076175,4.346127608384581,5
